Mês/Ano;1;2;3;4;5;6;7;8;9;10;11;12;13;14;15;16;17;18;19;20;21;22;23;24;25;26;27;28;29;30;31;Chuva máxima;Chuva total
  07/1937;  0.0;  0.0;  0.0;  0.0;  0.0;  0.0;  0.0;  0.0;  0.0;  0.0;  0.0;  0.0;  0.0;  0.0;  0.0;  0.0;  0.0;  0.0;  0.0;  0.0;  0.0;  0.0;  0.0;  0.0;  0.0;  0.0;  0.0;  0.0;0.0;0.0;0.0;0.0;0.0
  08/1940;  0.0;  0.0;  0.0;  0.0;  0.0;  0.0;  0.0;  0.0;  0.0;  0.0;  0.0;  0.0;  0.0;  0.0;  0.0;  0.0;  0.0;  0.0;  0.0;  0.0;  0.0;  0.0;  0.0;  0.0;  0.0;  0.0;  0.0;  0.0;0.0;0.0;0.0;0.0;0.0
  09/1940;  0.0;  0.0;  0.0;  0.0;  0.0;  0.0;  0.0;  0.0;  0.0;  0.0;  0.0;  0.0;  0.0;  0.0;  0.0;  0.0;  0.0;  0.0;  0.0;  0.0;  0.5;  0.0;  0.0;  0.0; 13.7;  0.0;  0.0;  0.0;0.0;0.0;---;13.7;14.2
  10/1940;  0.0;  0.0;  0.0;  0.0;  0.0;  0.0;  0.0;  0.0;  0.0;  0.3;  0.0; 50.5;  0.0;  0.0;  0.0;  0.0;  0.0;  0.0;  0.0;  0.0; 27.0; 65.5;  0.0;  0.0;  0.0;  0.0;  0.0;  0.0;3.0;0.0;0.0;65.5;146.3
  11/1940;  0.0;  0.0;  0.0;  0.0; 12.0;  0.0;  0.0;  0.0;  0.8; 27.6;  0.0; 28.3; 34.0; 35.0; 34.3;  4.0;  0.3;  0.0;  0.0;  0.0; 38.0;  0.0;  0.3;  0.0; 23.3; 18.8; 18.0; 10.3;5.3;0.0;---;38.0;290.3
  12/1940; 11.5;  0.0;  0.0;  0.0;  0.0;  0.0;  0.0;  0.0;  0.0;  0.0;  0.0;  0.0;  0.0;  0.0;  0.0;  3.4;  0.0;  0.0; 12.3;  0.0; 34.3;  6.7; 36.6; 40.5;  9.5;  3.0;  0.0;  0.0;0.0;0.3;0.0;40.5;158.1
  01/1941; 25.0; 34.4; 12.7; 42.5; 32.0; 27.0;  0.0;  0.0;  0.0;  4.7;  0.0; 36.0; 12.0; 17.0;  0.0; 15.0;  0.0;  0.0; 32.0;  0.0; 43.0;  0.0;  0.0; 11.3;  7.4;  0.0;  0.0; 17.4;3.0;0.0;0.0;43.0;372.4
  02/1941;  0.0;  0.9; 39.7;  0.0;  0.0;  0.0;  0.0;  0.0;  0.0;  0.0;  0.0;  0.0;  0.0;  0.0;  0.0;  0.0;  0.0;  0.0; 10.4;  0.4;  0.0;  0.0; 30.4;  0.8;  0.0; 45.5;  0.0;  0.0;---;---;---;45.5;128.1
  03/1941;  0.0;  0.0;  0.0;  0.0;  0.0;  0.0;  0.0;  0.0;  0.0;  0.0;  0.0;  0.0;  0.0;  0.7;  0.0;  0.0;  0.6;  0.0;  0.0;  0.4;  0.0; 57.0;  0.0;  0.0; 21.0; 23.0;  0.0;  0.0;0.0;0.0;0.0;57.0;102.7
  04/1941; 49.0;  9.0;  9.2;  0.0;  0.0;  0.0;  0.0; 10.3;  0.0;  0.0;  0.0;  0.0;  0.0; 15.5;  0.0;  0.0;  0.0;  0.0;  0.0;  0.0;  0.0;  0.0;  0.0;  0.0;  0.0;  0.0;  0.0;  0.0;0.0;0.0;---;49.0;93.0
  05/1941;  0.0;  0.0;  0.0;  0.0;  0.0;  0.0;  0.0;  0.0;  0.0;  0.0;  0.0;  0.0;  0.0;  0.0;  0.0;  0.0; 11.0;  0.0;  0.0;  0.0;  0.0;  0.0;  0.0;  0.0;  0.0;  0.0;  0.0; 13.0;0.0;0.0;0.0;13.0;24.0
  06/1941;  0.0;  0.0;  0.0;  0.0;  0.0;  0.0;  0.0;  0.0;  0.0;  0.0;  0.0;  0.0;  0.0;  0.0;  0.0;  0.0;  0.0;  0.0;  0.0;  0.0;  0.0;  0.0;  0.0;  0.0;  0.0;  0.0;  0.0;  0.0;0.0;0.0;---;0.0;0.0
  07/1941;  0.0;  0.0;  0.0;  0.0;  0.0;  0.0;  0.0;  0.0;  0.0;  0.0;  0.0;  0.0;  0.0;  0.0;  0.0;  0.0; 22.3;  0.0;  0.4;  0.2;  0.0;  0.0;  0.0;  0.0;  0.0;  0.0;  0.0;  0.0;0.0;0.0;0.0;22.3;22.9
  08/1941;  0.0;  0.0;  0.0;  0.0;  0.0;  0.0;  0.0;  0.0;  0.0;  0.0;  0.0;  0.0;  0.0;  0.0;  0.0;  0.0;  0.0;  0.0;  0.0;  0.0;  0.0;  0.0;  0.0;  0.0;  0.0;  0.0;  0.0;  0.0;0.0;0.0;0.0;0.0;0.0
  09/1941;  0.0;  0.0;  0.3; 13.0;  0.0;  0.0; 18.1;  0.0;  0.0;  0.0;  6.5; 29.3;  0.0; 40.0;  0.7; 15.5;  0.0;  0.0; 18.0;  0.0;  0.0; 10.5;  0.0;  0.0;  7.5; 38.0; 13.9;  0.0;0.0;0.0;---;40.0;211.3
  10/1941;  0.0;  0.0;  0.0;  0.0;  0.0;  0.0;  0.0;  9.0;  0.0;  0.0;  0.0;  0.0;  0.0;  0.0;  0.0;  0.0; 54.0;  0.0;  0.0;  0.0;  0.0;  0.0;  0.0;  0.0;  0.0;  0.0;  0.0;  0.0;0.0;0.0;0.0;54.0;63.0
  11/1941;133.3;  9.7;  0.0;  0.0; 20.7; 27.0; 21.0;  0.0; 21.5;  0.0;  0.0;  0.0;  0.0;  0.0;  0.0;  0.0;  0.0; 19.2;  0.0; 58.5;  0.0;  0.0; 17.0;  0.0;  0.0; 10.7;  8.8;  0.0;0.0;0.0;---;133.3;347.4
  12/1941; 17.7; 37.0;  0.0;  0.0; 18.0;  0.0;  0.0;  0.0;  7.7;  0.0;  0.0;  0.0;  0.0;  0.0;  0.0;  0.0;  0.8; 30.6;  0.9;  0.0;  0.0; 21.0;  0.0;  0.0;  0.0;  0.0;  0.0;  0.0;16.3;18.5;10.4;37.0;178.9
  01/1942;  0.0; 12.0;  0.0; 30.0;  0.0;  0.0; 12.0;  0.0;  0.0; 12.0;  0.6;  0.0;  0.0;  0.0;  0.0;  0.0; 18.9; 24.0;  0.0;  0.0;  0.0;  0.0;  0.0;  0.0;  0.0; 20.2;  0.0;  0.0;0.0;0.0;32.0;32.0;161.7
  02/1942; 23.0; 24.0;  1.0; 21.7;  0.0;  0.0;  0.0;  0.0; 38.5; 31.3;  7.6;  0.0;  0.0;  0.0; 11.2;  0.0;  0.8;  0.7; 11.0;  0.0;  0.0;  6.0; 10.7;  0.0;  0.0;  0.0;  0.0;  0.0;---;---;---;38.5;187.5
  03/1942; 25.0;  5.7; 11.0; 35.2; 28.7; 44.0; 75.0;  0.8; 22.0; 31.0; 34.0; 14.0;  0.0;  0.0;  0.0;  0.0;  6.0;  0.0;  0.0;  0.0; 20.4; 28.0; 38.6;  0.0;  0.0; 18.0;  0.0;  0.0;0.0;0.0;21.0;75.0;458.4
  04/1942; 25.0;  0.0;  0.0;  0.0; 26.0; 11.6;  0.0;  0.0;  0.0;  0.0;  0.0;  0.0;  0.0;  0.0; 42.4;  0.0;  0.0;  0.0;  0.0;  0.0;  0.0; 22.2;  0.0;  0.0;  0.0;  0.0;  0.0;  0.0;0.0;0.0;---;42.4;127.2
  05/1942;  0.0;  0.0;  0.0;  0.0;  0.0; 52.0; 14.7;  0.0;  0.0;  0.0;  0.0;  0.0;  0.0;  0.0;  0.0;  0.0;  0.0;  0.0;  0.0;  0.0;  0.0;  0.0;  0.0;  0.0;  0.0;  0.0;  0.0;  0.0;0.0;0.0;0.0;52.0;66.7
  06/1942;  0.0;  0.0;  0.0;  0.0;  0.0;  0.0;  0.0;  0.0;  0.0;  0.0;  0.0;  0.0;  0.0;  0.0;  0.0;  0.0;  0.0;  0.0;  0.0;  0.0;  0.0;  0.0;  0.0;  0.0;  0.0;  0.0;  0.0;  0.0;0.0;0.0;---;0.0;0.0
  07/1942;  0.0;  0.0;  0.0;  0.0;  4.0;  0.0;  0.0;  0.0;  0.0;  0.0;  0.0;  0.0;  0.0;  0.0;  0.0;  0.0;  0.0;  0.0;  0.0;  0.0;  0.0;  0.0;  0.0;  0.0;  0.0;  0.0;  0.0;  0.0;0.0;0.0;0.0;4.0;4.0
  08/1942;  2.0;  0.0;  0.0;  0.0;  0.0;  0.0;  0.0;  0.0;  0.0;  0.0;  0.0;  0.0;  0.0;  0.0;  0.0;  0.0;  0.0;  0.0;  0.0;  0.0;  0.0;  0.0;  0.0;  0.0;  0.0;  0.0;  0.0;  0.0;0.0;0.0;0.0;2.0;2.0
  09/1942;  0.0;  0.0;  0.0;  0.0;  0.0;  0.0;  0.0;  0.0;  0.0;  0.0;  0.0;  0.0;  0.0;  0.0;  0.0;  0.0; 22.0;  0.0; 15.0;  0.0;  0.0;  0.0;  0.0;  0.0;  0.0;  0.0;  0.0;  0.0;0.0;0.0;---;22.0;37.0
  10/1942;  0.0;  0.0;  0.1;  0.0;  0.0;  0.0;  0.0;  0.0;  0.0;  0.0;  0.0;  0.0;  0.0;  0.6;  0.1; 25.8;  0.6;  0.0;  0.0;  0.0;  0.0;  0.0;  0.0;  0.0;  0.0;  1.5;  0.0;  0.0;56.0;0.0;0.0;56.0;84.7
  11/1942;  9.0;  0.0;  0.0;  0.0;  0.0;  0.0;  0.0;  0.0;  7.5;  0.0;  0.0;  0.0;  0.0; 38.0;  0.0;  0.0;  7.8;  0.0;  0.0; 16.8;  0.0;  0.0;  0.0;  0.0; 39.5; 27.8; 56.9; 11.8;0.0;0.0;---;56.9;215.1
  12/1942;  0.0;  0.0;  9.6;  0.0;  0.0;  0.0;  0.0;  0.0;  0.0;  0.0; 13.0;  0.0;  0.0; 51.0;  0.0;  0.0;  5.8; 17.0;  0.0;  0.0; 19.0;  7.0; 21.0;  0.0;  4.0;  5.5;  0.0;  0.0;0.0;7.0;0.0;51.0;159.9
  01/1943; 12.0;  0.0;  0.0;  0.0; 44.0;  0.0; 26.7; 28.7;  5.7;  1.4;  0.8;  0.0;  0.0;  9.0;  9.0;  0.0;  0.0;  0.6; 33.0; 64.5;  7.5; 23.0; 12.0;  0.0; 19.5;  0.0;  0.0;  0.0;8.4;0.0;0.0;64.5;305.8
  02/1943; 26.6; 21.0;  0.0;  0.0;  0.0;  0.0;  0.0;  0.0;  0.0;  0.0;  0.0; 22.0;  0.8; 18.0; 74.0; 64.0; 23.0; 25.0;  0.0; 11.0;  8.0; 14.0; 17.0;  0.0;  0.0;  0.5;  0.0;  0.0;---;---;---;74.0;324.9
  03/1943; 28.2;  0.0;  0.0;  0.0;  0.0;  0.0; 37.0; 19.0; 17.0;  0.0; 23.0; 11.0; 22.0; 23.0; 18.0; 21.7;  0.0;  0.0;  0.0;  0.0;  0.0;  0.0;  0.0; 49.0;  0.0;  0.0; 23.8; 17.0;12.0;0.0;0.0;49.0;321.7
  04/1943;  0.0;  0.0;  0.0;  0.0;  0.0;  0.0;  0.0;  0.0;  0.0;  0.0;  0.0;  0.0;  0.0;  0.0;  0.0; 22.0;  0.0;  0.0;  0.0;  0.0;  0.0;  0.0;  0.0;  0.0;  0.0;  0.0;  0.0;  0.0;0.0;0.0;---;22.0;22.0
  05/1943;  0.8;  0.0;  0.0;  0.0;  0.0;  0.0;  0.0;  0.0;  0.0;  0.6;  0.0;  0.0;  0.0;  0.0;  0.0;  0.0;  0.0;  0.0;  0.0;  0.0;  0.0;  0.0;  0.0;  0.0;  0.0;  0.0;  0.0;  0.0;0.0;0.0;0.0;0.8;1.4
  06/1943;  0.0;  0.0;  0.0;  0.0;  0.0;  0.0;  0.0; 28.0;  0.0;  0.0;  0.0;  0.0;  0.0;  0.0;  0.0;  0.0;  0.0;  0.0;  0.0;  0.0;  0.0;  0.0;  0.0;  0.0;  0.0;  0.0;  0.0;  0.0;0.0;0.0;---;28.0;28.0
  07/1943;  0.0;  0.0;  0.0;  0.0;  0.0;  0.0;  0.0;  0.0;  0.0;  0.0;  0.0;  0.0;  0.0;  0.0;  0.0;  0.0;  0.0;  0.0;  0.0;  0.0;  0.0;  0.0;  0.0;  0.0;  0.0;  0.0;  0.0;  0.0;0.0;0.0;0.0;0.0;0.0
  08/1943;  0.0;  0.0;  0.0;  0.0;  0.0;  0.0;  0.0;  0.0;  0.0;  0.0;  0.0;  0.0;  0.0;  0.0;  0.0;  0.0;  0.0;  0.0;  0.0;  0.0;  0.0;  0.0;  0.0;  0.0;  0.0;  0.0;  0.0;  0.0;0.0;0.0;0.0;0.0;0.0
  09/1943;  0.0;  0.0;  0.0;  0.0;  0.0;  0.0;  0.0;  0.0;  0.0;  0.0;  0.6;  8.0;  3.4;  0.0;  0.0;  0.0;  0.0;  0.0;  0.0;  0.0;  0.0;  0.0;  2.0;  1.0;  0.0;  0.0;  0.0;  0.0;0.0;0.0;---;8.0;15.0
  10/1943;  0.0;  0.0;  0.0;  7.2; 24.3;  0.0;  0.0;  0.0;  0.0; 11.5; 37.7;  0.2;  0.1;  0.5;  3.1;  0.0;  0.0;  0.0;  0.0;  0.0;  0.0;  0.0; 57.4; 11.4;  0.0; 10.4;  0.0;  9.4;0.0;0.0;0.0;57.4;173.2
  11/1943; 11.6;  0.5;  0.6; 35.6;  0.0;  7.5;  0.5;  0.0;  9.4;  0.2;  5.4;  0.0;  0.0;  0.0;  0.0;  0.0;  0.0; 32.7;  0.9;  0.0;  0.0;  0.0;  0.0; 17.4;  0.0;  0.0;  0.0;  0.0;0.0;0.0;---;35.6;122.3
  12/1943; 25.5;  6.3;  0.0; 30.0;  0.0;  0.0;  0.0; 15.0;  0.0;  0.0;  0.0; 33.0;  0.0; 10.3;  0.0;  0.0;  0.0;  0.0;  0.0;  0.0; 15.0; 22.4;  7.2;  0.0; 19.5; 31.1;  0.0;  0.0;0.0;0.0;0.0;33.0;215.3
  01/1944;  0.0;  0.0;  9.0;  0.0; 19.0;  0.0;  8.3;  0.0;  0.0;  0.0;  0.0;  5.0;  0.0;  4.0;  0.0;  0.0;  0.0; 26.5;  0.0;  0.0;  0.0;  0.0;  0.0; 43.0; 30.7; 49.0;  0.0;  0.0;0.0;0.0;0.0;49.0;194.5
  02/1944;  0.0;  0.0;  0.0;  0.0;  0.0;  0.0;  0.0; 36.7;  0.0;  0.0;  0.0;  0.0;  0.0;  0.0;  0.2; 15.6; 26.5;  0.0; 16.7; 15.6;  0.0; 15.8;  5.6; 33.5; 28.8;  0.0;  0.0;  0.0;0.0;---;---;36.7;195.0
  03/1944; 11.5;  0.0; 28.8;  0.0;  0.0;  0.0;  0.0;  0.0;  0.0;  0.0;  0.0;  0.0;  0.0;  0.0; 37.8;  0.0;  0.0;  0.0;  0.0;  0.0;  0.0;  0.9;  0.0;  0.0;  0.0;  0.0;  0.0;  0.0;0.0;0.0;0.0;37.8;79.0
  04/1944;  0.0; 39.0;  0.0;  0.0;  0.0;  0.0;  0.0;  0.0;  0.0;  0.0;  0.0;  0.0;  0.0; 31.0; 38.2;  0.0; 37.0;  0.0;  0.9; 15.7;  0.0;  0.0;  0.0;  0.0;  0.0;  0.0;  0.0;  0.0;0.0;0.0;---;39.0;161.8
  05/1944;  0.0;  0.0;  0.0;  0.0;  0.0;  0.0;  0.0;  0.0;  0.0;  0.0;  0.0;  0.0;  0.0;  0.0;  0.0;  0.0;  0.0;  0.0;  0.0;  0.0;  0.0;  0.0;  0.0;  0.0;  0.0;  0.0;  0.0;  0.0;0.0;0.0;0.0;0.0;0.0
  06/1944;  0.0;  0.0;  0.0;  0.0;  0.0;  0.0;  0.0;  0.0;  0.0;  0.0;  0.0;  0.0;  0.0;  0.0;  0.0;  0.0;  0.0;  0.0;  0.0;  0.0;  0.0;  0.0;  0.0;  0.0;  0.0;  0.0;  0.0;  0.0;0.0;0.0;---;0.0;0.0
  07/1944;  0.0;  0.0;  0.0;  0.0;  0.0;  0.0;  0.0;  0.0;  0.0;  0.0;  0.0;  0.0;  0.0;  0.0;  0.0;  0.0;  0.0;  0.0;  0.0;  0.0;  0.0;  0.0;  0.0;  0.0;  0.0;  0.0;  0.0;  0.0;0.0;0.0;0.0;0.0;0.0
  08/1944;  0.0;  0.0;  0.0;  0.0;  0.0;  0.0;  0.0;  0.0;  0.0;  0.0;  0.0;  0.0;  0.0;  0.0;  0.0;  0.0;  0.0;  0.0;  0.0;  0.0;  0.0;  0.0;  0.0;  0.0;  0.0;  0.0;  0.0;  0.0;0.0;0.0;0.0;0.0;0.0
  09/1944;  0.0;  0.0;  0.0;  0.2;  0.0;  0.0;  0.0;  0.0;  0.0;  0.0;  0.0;  0.0;  0.0;  0.0;  0.0;  0.0;  0.0;  0.0;  0.0;  0.0;  0.0;  0.0;  0.0;  0.0;  0.0;  0.0;  0.0;  0.0;0.0;0.0;---;0.2;0.2
  10/1944;  0.0;  0.0;  0.0;  0.0;  0.0;  0.0;  0.0;  0.0;  0.0;  0.0;  0.0;  0.0; 10.5; 18.7;  0.0;  0.0;  0.0;  0.0;  0.0; 20.6; 22.4;  0.0;  0.0;  0.0;  0.0;  0.0;  0.0;  5.3;11.4;14.5;0.0;22.4;103.4
  11/1944;  0.0;  0.0;  8.1;  0.8;  0.0; 28.0;  0.0;  8.2;  0.0;  0.0;  0.0;  0.0; 14.4;  0.4;  5.2; 16.0;  0.0;  0.0;  0.0; 32.0; 15.3;  0.0;  8.7; 23.0;  5.2;  0.0;  0.0;  0.0;0.0;0.0;---;32.0;165.3
  12/1944; 19.8;  0.0;  0.9;  0.0;  0.0;  0.0;  0.0;  0.0;  0.0;  9.5;  0.0;  0.0;  0.0;  0.0;  0.0;  0.0;  0.0;  0.0;  0.0;  0.0; 40.0;  0.0;  0.1; 19.0; 23.0;  0.0;  0.0;  0.4;0.0;0.0;0.0;40.0;112.7
  01/1945;  0.0;  0.0;  0.0; 40.4; 28.4;  9.8; 15.4;  9.9;  0.0;  0.0;  0.0;  0.0;  0.0;  0.0;  0.0; 32.4; 75.0; 55.7;  0.0;  0.0;  0.9; 16.0;  5.5;  0.0;  0.0;  0.0;  0.5;  0.0;70.0;6.5;39.2;75.0;405.6
  02/1945;100.0; 38.0; 15.1; 21.1;  0.0;  0.0; 19.3; 27.0;  0.7;  0.0;  0.0; 36.3;  0.0;  0.0; 31.0;  0.0;  0.0;  0.0;  0.0;  0.0; 24.0; 11.0;  0.0;  0.0;  0.0;  0.0;  0.0;  0.0;---;---;---;100.0;323.5
  03/1945;  2.5;  0.0;  0.0; 15.5;  0.0;  0.0;  0.0;  0.0;  0.0;  9.2;  0.0;  0.0;  0.0;  0.0;  0.0;  0.0;  0.0;  0.0;  0.0; 12.0; 27.6; 21.5; 26.0;  0.8; 30.0; 23.5; 33.0;  0.0;0.0;0.0;0.0;33.0;201.6
  04/1945;  8.5;  0.0;  0.0;  0.0; 12.6; 17.0; 18.0;  0.0;  0.0;  0.0;  0.0;  0.0;  0.0;  0.0;  0.0;  0.0;  0.0; 49.6;  0.0; 36.0;  0.0;  0.9;  0.0;  0.0;  0.0;  0.0;  0.0;  0.0;0.0;9.2;---;49.6;151.8
  05/1945;  0.0;  0.0;  0.0;  0.0;  0.0;  0.0;  0.0;  0.0;  0.0;  0.0;  0.0;  0.0;  0.0;  0.0;  0.0;  0.0;  0.5;  0.0;  0.0;  0.0;  0.0;  0.0;  0.0;  0.0;  0.0;  0.0;  0.0;  0.0;0.0;0.0;0.0;0.5;0.5
  06/1945;  0.0;  0.0;  0.0;  0.0;  0.0;  0.3;  0.0;  0.0;  0.0;  0.0;  0.0;  0.0;  0.0;  0.0;  0.0;  0.0;  0.0;  0.0;  0.0;  0.4;  0.0;  0.0;  0.0;  0.0;  0.6;  0.0;  0.0;  0.0;0.0;0.0;---;0.6;1.3
  07/1945;  0.0;  0.0;  0.0;  0.0;  0.3;  0.0;  0.3;  0.0;  0.0;  0.0;  0.0;  0.0;  0.0;  0.0;  0.0;  0.0;  0.0;  0.0;  0.0;  0.0;  0.0;  0.0;  0.0;  0.0;  0.0;  0.0;  0.0;  0.0;0.0;0.0;0.0;0.3;0.6
  08/1945;  0.0;  0.0;  0.0;  0.0;  0.0;  0.0;  0.0;  0.0;  0.0;  0.0;  0.0;  0.0;  0.0;  0.0;  0.0;  0.0;  0.0;  0.0;  0.0;  0.0;  0.0;  0.0;  0.0;  0.0;  0.0;  0.0;  0.0;  0.0;0.0;0.0;0.0;0.0;0.0
  09/1945;  0.0;  0.0;  0.0;  0.0;  0.0;  0.0;  0.0;  0.0;  0.0;  0.0;  0.0;  0.0;  0.0;  0.0;  0.0;  4.7;  6.5;  0.0;  0.0;  0.0;  0.0;  0.0;  0.0;  0.0;  0.0;  0.0;  0.0;  0.0;0.0;0.0;---;6.5;11.2
  10/1945;  0.0;  0.6;  0.0; 34.4;  0.0;  0.0;  0.0;  0.0; 41.0;  4.1;  0.0;  0.0;  0.0;  0.0;  0.0;  0.0;  0.0; 20.2;  0.0;  0.0;  0.0;  0.0;  0.0;  0.0;  0.0;  6.0;  0.0;  0.0;9.5;0.0;0.0;41.0;115.8
  11/1945; 22.4; 11.1; 25.5;  0.0;  0.0; 22.0;  0.0;  8.0; 10.0;  0.0; 47.6;  0.0; 25.5; 52.3;  0.0;  0.0;  0.0; 13.8;  0.0;  0.0;  5.5;  5.3;  0.0;  4.0; 24.0;  0.0; 36.8; 23.8;0.0;0.0;---;52.3;337.6
  12/1945;  0.0;  0.0;  0.0;  0.0;  0.0; 18.0; 16.8; 17.0;  0.0; 17.6;  0.0;  0.0;  9.9;  7.0; 15.5;  0.0; 19.0; 37.0; 33.3;  0.0;  0.0;  0.0;  0.0;  0.0;  0.0; 31.0;  0.0; 23.0;58.0;0.8;54.0;58.0;357.9
  01/1946;  0.0;  0.9; 14.0;  0.0;  0.0;  9.0;  6.2;  0.0;  0.0;  0.0;  4.0;  0.0;  0.0;  0.0; 22.5;  0.0;  0.0;  6.5;  0.0;  0.0; 29.2;  0.0;  0.0; 14.2;  0.0;  0.0; 18.0; 36.2;17.4;0.0;0.0;36.2;178.1
  02/1946;  0.0;  0.0;  0.0;  0.0;  0.0;  0.0;  0.0;  6.0;  0.0;  0.0;  0.0; 44.5;  0.0;  6.0; 13.0;  6.1;  0.0;  0.0;  0.0;  0.0;  0.0;  0.0; 12.0; 11.0;  0.0;  0.0;  0.0;  0.0;---;---;---;44.5;98.6
  03/1946;  0.0;  8.5;  1.5; 29.4;  4.0;  1.5;  0.0;  0.0;  0.0;  0.0; 18.5; 19.0; 39.0; 13.0; 11.0;  8.3; 11.7;  0.0; 14.5;  0.0;  9.0;  0.0;  0.0;  0.0; 21.2;  0.0;  0.0;  0.0;0.0;0.0;0.0;39.0;210.1
  04/1946; 16.0; 17.0;  0.0; 17.7;  0.0;  0.0;  0.0;  7.0;  0.0;  0.0;  3.5;  0.0; 11.0;  0.0;  0.0;  0.0;  0.0;  0.0;  0.0;  0.0;  0.0;  0.0;  0.0;  0.0;  0.0;  0.0;  0.0;  0.0;0.0;0.0;---;17.7;72.2
  05/1946;  0.0;  0.0;  0.0;  0.0;  0.0;  0.0;  0.0;  0.0;  0.0;  0.0;  0.0;  0.0;  0.5;  0.0;  0.0;  0.0;  0.0;  0.0;  0.0;  0.0;  0.0;  0.0;  0.0;  0.0;  0.0;  0.0;  0.0;  0.0;0.0;0.0;0.0;0.5;0.5
  06/1946;  0.0; 26.0;  4.0;  0.0;  0.0;  0.0;  0.0;  0.0;  0.0;  0.0;  0.0;  0.0;  0.0;  0.0;  0.0;  0.0;  0.0;  0.0;  0.0;  0.0;  0.0;  0.0;  0.0;  0.0;  0.0;  0.0;  0.0;  0.0;0.0;0.0;---;26.0;30.0
  07/1946;  0.0;  0.0;  0.0;  0.0;  0.0;  0.0;  0.0;  0.0;  6.0;  0.0;  9.0;  0.0; 16.5;  0.0;  0.0; 33.5;  0.0;  0.0;  0.0;  0.0;  0.0;  0.0;  6.2;  0.0;  0.0;  0.0;  0.0;  0.0;0.0;0.0;0.0;33.5;71.2
  08/1946;  0.0;  0.0;  0.0;  0.0;  0.0;  0.0;  0.0;  0.0;  0.0;  0.0;  0.0;  0.0;  0.0;  0.0;  0.0;  0.0;  0.0;  0.0;  0.0;  0.0;  0.0;  0.0;  0.0;  0.0;  0.0;  0.0;  0.0;  0.0;0.0;0.0;0.0;0.0;0.0
  09/1946;  0.0;  0.0;  0.0;  0.0;  0.0;  0.0;  0.0;  0.0;  0.0;  0.0;  0.0;  0.0;  0.0;  0.0;  0.0;  0.0;  0.0;  0.0;  0.0;  0.0;  0.0;  0.0;  0.0;  0.0;  0.0;  0.0;  8.0;  0.0;20.2;0.0;---;20.2;28.2
  10/1946;  0.0;  0.0;  0.0;  0.0;  0.0;  0.0;  0.0; 16.5;  0.0; 17.0;  0.7;  0.0;  0.0;  0.0;  0.0; 32.0;  0.0;  0.0;  0.0; 29.2;  0.0;  0.0;  0.0;  0.0;  0.0;  0.0;  0.0;  0.0;0.0;0.0;15.0;32.0;110.4
  11/1946;  0.0; 44.0;  9.0; 13.2;  0.0;  0.0;  0.0; 68.0;  7.0;  0.0;  0.0;  0.0;  0.0;  0.0;  0.0;  0.0;  0.0;  0.0;  0.0;  0.0;  0.0;  6.0;  0.0;  0.0;  0.0;  6.0;  0.0;  0.0;20.2;24.4;---;68.0;197.8
  12/1946;  0.0;  0.0;  0.0;  0.0;  0.0;  0.0;  0.0; 16.0;  2.0;  2.0;  0.0;  0.0;  0.0;  0.0;  0.0;  1.3; 20.5; 28.7;  0.0;  0.0;  0.0; 17.7; 14.0; 20.2;  2.1;  0.0;  0.0;  4.1;0.0;4.8;56.0;56.0;189.4
  01/1947; 55.3; 28.2;  5.7;  0.0;  0.0;  0.0;  0.0;  0.0;  0.0;  0.0;  0.0;  0.0;  0.0;  0.0; 22.5;  0.0;  0.0; 20.0;  0.0;  4.0;  3.8;  0.0;  0.0;  0.0; 21.0;  0.0;  8.0; 16.0;5.0;36.5;7.0;55.3;233.0
  02/1947;  0.0;  0.0;  0.0;  0.0;  0.0; 53.3;  0.0;  0.0;  0.0;  0.0; 20.0; 54.4;  0.0; 18.4; 23.6;  4.5;  0.0;  6.2;  8.5;  0.0;  0.0;  0.0;  0.0;  0.0;  0.0;  0.0;  9.5;  4.0;---;---;---;54.4;202.4
  03/1947; 75.6;  0.0; 11.0;  0.0;  2.4; 27.0;  0.0; 23.2;  0.0;  7.0;  0.0;  0.0;  0.0;134.0;  6.0; 34.5;  8.4; 18.0; 13.3;  0.2;  0.0;  0.0;  0.0;  8.5;  4.0;  5.0; 14.0;  0.0;0.0;0.0;0.0;134.0;392.1
  04/1947;  0.0;  0.0;  0.0;  0.0;  0.0;  0.0;  0.0;  0.0;  0.0;  0.0;  0.0;  0.0;  0.0;  0.0;  0.0;  0.0;  0.0;  0.0;  0.0;  0.0;  0.0;  0.0;  0.0;  0.0;  0.0;  0.0;  0.0;  0.0;0.0;0.0;---;0.0;0.0
  05/1947;  0.0;  0.0;  0.0;  4.5;  0.0;  0.0;  0.0;  0.0;  0.0;  0.0;  0.0;  6.0;  0.0;  0.0;  0.0;  0.0;  0.0;  0.0;  0.0;  5.6;  0.0;  0.0;  0.0;  0.0;  0.0;  0.0;  0.0;  0.0;0.0;0.0;0.0;6.0;16.1
  06/1947;  0.0;  0.0;  0.0;  0.0;  0.0;  0.0;  0.0;  0.0;  0.0;  0.0;  0.0;  0.0;  0.0;  0.0;  0.0;  0.0;  0.0;  0.0;  0.0; 18.0;  0.0;  0.0; 17.5;  0.0;  0.0;  0.0;  0.0;  0.0;0.0;0.0;---;18.0;35.5
  07/1947;  0.0;  0.0;  0.0;  0.0;  0.0;  0.0;  0.0;  0.0; 21.0;  0.0;  0.0;  0.0;  0.0;  0.0;  0.0;  0.0;  0.0;  0.0;  0.0;  0.0;  0.0;  0.0;  0.0;  0.0;  0.0;  0.0;  0.0;  2.0;0.0;0.0;0.0;21.0;23.0
  08/1947;  1.0;  4.0;  0.0;  0.0;  0.0;  0.0;  0.0;  0.0;  0.0;  0.0;  0.0;  2.5;  0.0;  0.0;  0.0;  0.0;  0.0;  0.0;  0.0;  0.0;  0.0;  0.0;  0.0;  0.0;  0.0;  0.0;  0.0;  0.0;11.0;0.0;0.0;11.0;18.5
  09/1947;  8.2;  0.0;  0.0;  0.0;  5.2;  0.0;  0.0;  0.0; 15.0;  7.2;  0.0; 18.8;  0.0;  0.0;  0.0;  0.0;  0.0; 15.0; 27.5;  0.0;  0.0;  0.0;  0.0;  0.0;  0.0;  0.0;  0.0;  0.0;14.2;0.0;---;27.5;111.1
  10/1947;  0.0; 43.6; 11.4;  0.0;  0.0; 62.0;  0.0;  0.0;  0.0;  0.0;  0.0;  0.0;  0.0;  0.0;  0.0; 14.0;  0.0;  0.0;  0.0;  0.0;  0.0;  0.0; 15.2; 16.4; 17.5; 12.4;  0.0;  0.0;0.0;0.0;0.0;62.0;192.5
  11/1947;  4.7; 10.0;  0.0;  0.0;  0.0;  0.0;  0.0;  0.0;  0.0; 41.0;  0.0;  0.0; 17.0;  4.1;  0.0;  0.0;  0.0;  0.0;  0.0;  0.0;  0.0;  0.0;  0.0;  0.0;  4.1; 62.4;  5.2;  0.0;0.0;0.0;---;62.4;148.5
  12/1947;  0.0; 33.0;  4.2;  0.0;  0.0;  0.0;  0.0;  0.0; 13.5; 12.0;  0.0; 11.0;  8.0;  0.0;  0.0;  0.0; 28.2;  2.0;  0.0; 12.2; 14.3; 18.3;  0.0;  0.0;  0.0; 17.0;  0.0;  0.0;0.0;17.2;0.0;33.0;190.9
  01/1948;  0.0;  0.0;  0.0;  0.0;  0.0;  0.0;  0.0; 11.0;  0.0;  0.0;  0.0; 26.0;  3.0;  0.0;  0.0; 20.0; 23.5;  0.0; 24.3;  0.0;  0.0;  0.0;  0.0; 22.0;  0.0; 20.0;  0.0;  0.0;0.0;3.5;0.0;26.0;153.3
  02/1948;  0.0;  0.0;  0.0; 11.0;  0.0;  0.0;  0.0;  9.4;  0.0;  0.0;  0.0;  0.0;  0.0; 11.0; 48.0;  0.0;  0.0;  0.0;  0.0; 30.0; 10.0;  0.0;  0.0;  0.0;  0.0;  0.0;  0.0; 19.5;24.4;---;---;48.0;163.3
  03/1948;  0.0;  0.0;  0.0;  0.0;  0.0;  0.0;  0.0;  0.0;  0.0; 20.5; 22.3;  0.0; 57.0; 37.8; 18.0;  0.0;  0.6;  0.0;  8.2;  0.0;  0.6;  0.0;  0.5;  0.4; 22.0;  0.0;  0.0;  0.4;0.0;0.0;7.0;57.0;195.3
  04/1948;  0.0;  0.0;  2.3;  0.0;  0.0;  0.0;  0.0;  0.0;  0.0;  0.0;  0.0;  0.0;  0.0;  0.0;  0.0;  0.0;  0.0;  0.0;  0.0;  0.0;  0.0;  0.0;  0.0;  0.0;  0.0;  0.0;  0.0;  0.0;0.0;0.0;---;2.3;2.3
  05/1948;  0.0;  0.0;  0.0;  0.0;  0.0;  0.0;  0.0;  0.0;  0.0;  0.0;  0.0;  0.0;  0.0;  0.0;  0.0;  0.0;  7.2;  0.0;  5.1;  0.0;  0.0;  0.0;  0.0;  0.0;  0.0;  0.0;  0.0;  6.2;2.0;0.0;0.1;7.2;20.6
  06/1948;  0.0;  0.0;  0.0;  0.0;  0.0;  0.0;  0.0;  0.0;  0.0;  0.0;  0.0;  0.0;  0.0;  0.0;  0.0;  0.0;  0.0;  0.0;  0.0;  0.0;  0.0;  0.0;  0.0;  0.0;  0.0;  0.0;  0.0;  0.0;0.0;0.0;---;0.0;0.0
  07/1948;  0.0;  0.0;  0.0;  0.0;  0.0;  0.0;  0.0;  0.0;  0.0;  0.0;  0.0;  0.0;  0.0;  0.0;  0.0;  0.0;  0.0;  0.0;  0.0;  1.5;  0.0;  0.0;  0.0;  5.8;  0.0;  1.0;  0.5;  0.0;0.0;0.0;0.0;5.8;8.8
  08/1948;  0.0;  0.0;  0.0;  0.0;  0.0;  0.0;  0.5;  0.0;  0.0;  0.0;  0.0;  0.0;  0.0;  0.0;  0.0;  0.0;  0.0;  0.0;  0.0;  0.0;  0.0;  0.0;  0.0;  0.0;  0.0;  0.0;  0.0;  0.0;0.0;0.0;0.0;0.5;0.5
  09/1948;  0.0;  0.0;  0.0;  0.0;  0.0;  0.0;  0.0;  0.0;  0.0;  0.0;  0.7;  0.0;  0.0;  0.0;  0.0;  0.0;  0.0;  0.0;  0.0;  0.0;  0.0;  0.0;  0.0;  0.0;  0.0;  0.0;  6.8;  0.0;3.1;0.0;---;6.8;10.6
  10/1948;  0.0;  0.0;  0.0; 12.5;  0.0; 16.3;  0.0;  0.0;  0.0; 30.5;  0.0;  1.4;  0.0; 17.1;  0.0;  0.0;  0.0;  0.0;  0.0;  0.0;  0.0;  0.0;  0.0;  0.0;  0.0;  4.6;  0.0;  0.0;2.1;0.0;0.0;30.5;84.5
  11/1948;  0.0;  0.0;  3.4;  5.2;  6.2;  0.0; 22.5;  5.1;  1.0;  0.0;  0.8; 13.8;  0.0; 51.6; 27.5; 17.3;  0.0;  0.0;  1.2;  3.5;  0.0;  4.0;  0.0;  0.0;  0.0;  2.5; 70.9;  0.0;0.0;0.0;---;70.9;236.5
  12/1948; 16.0;  1.2;  0.0;  0.0;  2.0;  0.0;  0.0;  8.2;  0.0;  0.0;  0.0;  0.0;  0.4;  5.0; 23.1; 24.6; 30.2; 71.5;  0.0;  0.0;  0.0;  0.0;  0.0;  0.0;  0.0;  0.0;  0.0;  0.0;22.1;8.2;0.0;71.5;212.5
  01/1949;  0.0;  0.0;  0.0;  0.0;  0.0;  0.0;  0.0;  4.8;  0.0;  6.3;  3.1; 36.7; 39.0; 66.2;  0.0;  0.0; 27.8; 18.3;  1.5;  0.0;  0.0;  0.0;  6.0;  7.3; 30.2;  1.0; 17.4; 20.8;0.0;7.1;69.0;69.0;362.5
  02/1949;  0.0;  0.0;  0.0; 13.0;  0.3;  5.0; 16.7; 46.2;  0.0;  0.0;  1.6;  0.0;  0.0;  0.0; 14.8;  0.0; 14.6;  5.5;  8.1; 35.8;  6.2;  2.6;  5.4;  0.0; 10.3;  1.2;  1.0; 29.2;---;---;---;46.2;217.5
  03/1949;  0.0;  0.0;  5.1;  2.8;  0.0;  9.1;  1.0; 19.3;  3.2;  0.0;  0.0;  0.0;  0.0;  0.0;  0.0;  0.0;  1.1; 16.2;  0.0;  0.0;  0.0;  0.0;  0.0;  1.0;  0.0; 38.7;  0.0;  0.0;13.5;2.8;9.7;38.7;123.5
  04/1949; 35.7; 50.8;  0.0;  0.0;  0.0;  0.9;  0.0;  1.2;  4.0;  0.0;  0.0;  0.0;  0.0;  0.0;  0.0;  0.0;  0.0;  0.0;  0.0;  0.0;  0.0;  0.0;  1.6;  0.0; 19.0;  0.5;  0.0;  0.0;0.0;0.0;---;50.8;113.7
  05/1949;  0.0;  0.0;  0.0; 13.1;  0.0; 11.2;  6.2;  0.0;  0.0; 13.4; 24.2;  1.0;  0.0;  0.0;  0.0;  0.0;  0.0;  0.0;  0.0;  0.0;  0.0;  0.0;  0.0;  0.0;  0.0;  0.0;  0.0;  0.0;0.0;0.0;0.0;24.2;69.1
  06/1949;  0.0;  0.0;  0.0;  0.0;  0.0;  0.0;  0.0;  0.0;  0.0;  0.0;  0.0;  2.1;  0.0;  0.0; 12.2;  0.0;  0.0;  0.0;  0.0;  0.0;  0.0;  0.0;  0.0;  0.0;  0.0;  0.0;  0.0;  0.0;0.0;0.0;---;12.2;14.3
  07/1949;  0.0;  0.0;  0.0;  0.0;  0.0;  0.0;  0.0;  0.0;  0.0;  0.0;  0.0;  0.0;  0.0;  0.0;  0.0;  0.0;  0.0;  0.0;  0.0;  0.0;  0.0;  0.0;  0.0;  0.0;  0.0;  0.0;  0.0;  0.0;0.0;0.0;0.0;0.0;0.0
  08/1949;  0.0;  0.0;  0.0;  0.0;  0.0;  0.0;  0.0;  0.0;  0.0;  0.0;  0.0;  0.0;  0.0;  0.0;  0.0;  0.0;  0.0;  0.0;  0.0;  0.0;  0.0;  0.0;  0.0;  0.0;  0.0;  0.0;  0.0;  0.0;0.0;29.2;0.0;29.2;29.2
  09/1949;  0.0;  0.0;  0.0;  0.0;  0.0;  0.0;  0.0;  0.0;  0.0;  0.0;  0.0;  0.0;  0.0;  0.0;  0.0;  2.6;  0.0;  0.0;  0.0;  0.0;  0.0;  0.0;  0.0;  0.0;  0.0;  0.0;  0.0;  0.0;0.0;0.0;---;2.6;2.6
  10/1949;  0.0;  0.0;  0.3;  0.0;  0.0;  1.9;  1.7;  0.0;  0.0;  0.0;  0.0;  0.0;  0.0;  0.0; 23.1;  0.6; 12.4;  0.0;  0.0; 21.2; 14.3;  0.0;  0.0;  0.0;  2.0; 13.4;  0.0; 43.6;0.0;0.0;0.0;43.6;134.5
  11/1949;  0.0;  0.0;  0.0;  0.0;  2.1;  4.5;  0.2; 23.2; 26.4;  6.0;  1.4;  0.0;  0.0;  0.0;  0.0;  0.0;  0.0;  0.0;  0.0;  1.4; 18.2; 14.1;  0.0;  0.0;  0.0; 17.6;  0.0;  0.0;0.0;0.0;---;26.4;115.1
  12/1949; 32.6; 28.4;  3.6;  0.0; 16.8;  0.0;  8.3; 37.4; 31.3;  0.0;  1.3; 40.2; 12.6; 32.8; 20.1; 35.9;  0.0;  0.0;  0.0;  0.0;  0.0; 33.4;  7.3; 12.1; 40.2;  0.0;  0.0;  0.0;0.0;0.0;0.0;40.2;394.3
  01/1950;  0.0; 15.2;  0.0;  2.7;  0.0; 74.2;  0.0;  0.0;  0.0; 13.0; 55.0; 15.2;  1.3;  2.5;  0.0; 27.6; 14.6;  9.1; 22.2; 16.9; 19.2;  0.2; 17.3; 52.1; 67.5; 38.0; 32.1; 10.2;16.7;15.7;0.0;74.2;538.5
  02/1950;  1.1;  0.0;  0.0; 45.6; 30.5;  3.7; 14.3;  4.1;  0.5; 16.0;  0.6; 24.1;  0.0;  0.0;  0.0; 36.0;  8.1;  2.3;  0.0; 23.4; 14.1;  6.7;  5.3;  0.7;  1.3;  5.2;  3.2; 18.1;---;---;---;45.6;264.9
  03/1950;  0.0;  0.0;  0.0;  0.0;  7.2;  3.2;  0.0;  0.0;  3.0;  0.0;  0.0; 13.1;  0.0;  0.0;  8.3;  3.1; 14.6;  0.6;  8.4;  0.3; 42.5;  0.0;  0.0;  0.4;  0.0;  0.0;  4.2;  0.0;0.0;3.5;0.0;42.5;112.4
  04/1950;  0.0;  7.1;  0.0;  3.2;  4.0;  0.0;  0.0;  0.0;  0.0;  0.0;  0.0;  0.0; 39.1;  0.0;  4.7;  1.0; 12.3;  4.1;  6.2;  0.0;  0.0;  0.0;  0.0;  0.1;  0.0;  2.5;  0.0;  0.0;0.0;0.0;---;39.1;84.3
  05/1950;  0.0;  0.0;  0.0;  0.0;  0.0;  0.0;  0.0;  0.0;  0.0;  0.0;  0.0;  0.0;  0.0;  0.0;  0.0;  0.0;  0.0;  0.0;  0.0;  0.0;  0.0;  0.0;  0.0;  0.0;  0.0;  0.0;  0.0;  0.0;0.0;0.0;0.0;0.0;0.0
  06/1950;  0.0;  0.0;  0.0;  0.0;  0.0;  0.0;  0.0;  0.0;  0.1;  0.0;  0.0;  0.0;  0.0;  0.0;  0.0;  0.0;  0.0;  0.0;  0.0;  0.0;  0.0;  0.0;  0.0;  0.0;  0.0;  0.0;  0.0;  0.0;0.0;0.0;---;0.1;0.1
  07/1950;  0.0;  0.0;  0.0;  0.0;  0.0;  0.0;  0.0;  0.0;  0.0;  0.0;  0.0;  0.0;  0.0;  0.0;  0.0;  0.0;  0.0;  0.0;  0.0;  0.0;  0.0;  0.0;  0.0;  0.0;  0.0;  0.0;  0.0;  0.0;0.0;0.0;0.0;0.0;0.0
  08/1950;  0.0;  0.0;  0.0;  0.0;  0.0;  0.0;  0.0;  0.0;  0.0;  0.0;  0.0;  0.0;  0.0;  0.0;  0.0;  0.0;  0.0;  0.0;  0.0;  0.0;  0.0;  0.0;  0.0;  0.0;  0.0;  0.0;  0.0;  0.0;0.0;0.0;0.0;0.0;0.0
  09/1950;  0.0;  0.0;  0.0;  0.0;  0.0;  0.0;  0.0;  0.0;  0.0;  0.0;  0.0;  0.0;  0.0;  0.0;  0.0;  0.0;  0.0;  0.0;  0.0;  0.0;  0.0;  0.0;  0.0;  0.2;  9.3;  0.0;  0.0;  0.0;0.0;0.0;---;9.3;9.5
  10/1950;  2.5;  0.0;  0.0;  2.1; 51.4;  0.0;  0.0; 34.1;  2.0;  0.0;  0.0;  0.0;  7.0;  0.0;  0.0;  0.0;  0.0;  1.5; 28.6;  2.6;  0.0;  0.0;  0.0;  0.1;  0.0;  0.0;  0.0;  0.0;0.0;0.0;13.0;51.4;144.9
  11/1950;  0.0;  0.0;  0.0;  0.0;  0.0;  0.0;  1.0;  0.0;  3.0;  7.1;  0.0; 29.0;  5.6;  0.0; 14.4; 18.0; 33.8;  0.5;  7.4;  8.2; 20.2;  0.0;  0.0;  0.0; 51.0;  6.0; 16.7; 28.8;0.7;13.4;---;51.0;264.8
  12/1950;  0.0;  0.0;  0.0; 15.6; 17.3; 33.5;  1.6;  1.0; 19.0; 96.1;  7.7;  0.0;  3.1; 12.0;  8.0; 17.2;  0.0;  0.0;  0.0; 16.4;  0.1;  0.0;  0.0;  0.0;  0.0;  0.0;  0.0;  0.0;12.7;48.6;5.6;96.1;315.5
  01/1951;  2.2;  4.6;  0.3; 15.6; 18.7; 27.1;  0.0;  3.1;  0.1;  0.0;  0.1; 42.7;  9.0;  6.4; 18.5; 29.0; 25.2; 15.7; 38.3;  4.1;  6.6;  2.0;  1.1; 39.0; 41.6; 12.5; 33.7;  0.0;6.5;13.1;0.1;42.7;416.9
  02/1951;  0.2;  0.0;  1.7;  0.0;  6.6; 41.7; 22.1; 10.0;  2.3; 12.7;  3.2;  0.0;  0.0;  3.3;  1.2;  3.6;  0.6;  0.0;  6.3;  3.1;  2.5; 23.5;  0.0;  0.0;  0.0;  0.4;  0.0; 11.8;---;---;---;41.7;156.8
  03/1951;  0.0;  0.0;  0.0;  0.0; 17.0;  7.5;  3.9; 10.5;  8.1;  0.0;  0.0;  2.6;  0.0; 31.1; 23.7;  0.0;  0.0;  0.0; 12.0; 22.1;  0.0;  0.0;  0.0; 12.6;  4.2;  0.0;  2.2;  0.0;0.0;0.0;0.0;31.1;157.5
  04/1951; 27.6; 28.0;  0.0;  0.0;  0.0;  7.0;  0.0;  0.0;  0.0;  0.0;  0.0;  0.0;  0.0;  0.0;  0.0;  0.0;  0.0;  0.0;  0.0;  0.0;  0.0;  0.0;  0.0;  0.0;  0.0;  0.0;  0.0;  0.0;0.0;0.0;---;28.0;62.6
  05/1951;  0.0;  0.0;  0.0;  0.0;  0.0;  0.0;  0.0; 10.5;  0.0;  0.0;  0.0;  0.0;  0.0;  0.0;  0.0;  0.0;  0.0; 12.5;  0.0;  0.0;  0.0;  0.0;  0.0;  0.0;  0.0;  0.0;  0.0;  0.0;4.2;0.0;0.0;12.5;27.2
  06/1951;  0.0;  0.0;  0.0;  0.0;  0.0;  0.7;  0.0;  0.0;  0.0;  0.0;  0.0;  0.0;  0.0;  0.0;  0.0;  0.0;  0.0;  0.0;  0.0;  0.0;  0.0;  0.0;  0.0;  0.0;  0.0;  0.0;  0.0;  6.1;0.0;0.0;---;6.1;6.8
  07/1951;  0.0;  0.0;  0.0;  0.7;  0.0;  0.0;  0.0;  0.0;  0.0;  0.0;  0.0;  0.0;  0.0;  0.0;  0.0;  0.0;  0.0;  0.0;  0.0;  0.0;  0.0;  0.0;  0.0;  0.0;  0.0;  0.0;  0.0;  0.0;0.0;0.0;0.0;0.7;0.7
  08/1951;  0.0;  0.0;  0.0;  0.0;  0.0;  0.0;  0.0;  0.0;  0.0;  0.0;  0.0;  0.0;  0.0;  0.0;  0.0;  0.0;  0.0;  0.0;  0.0;  0.0;  0.0;  0.2;  0.0;  0.0;  0.0;  0.0;  0.0;  0.0;0.0;0.0;0.0;0.2;0.2
  09/1951;  0.0;  0.0;  0.0;  0.0;  0.0;  0.0;  0.0;  0.0;  0.0;  0.0;  0.0;  0.0;  0.0;  0.0;  0.0;  0.0;  0.0;  0.0;  0.0;  0.0;  0.0;  0.0;  0.0;  0.0;  0.0;  0.0;  0.0;  0.0;0.0;0.0;---;0.0;0.0
  10/1951;  0.0;  0.0;  0.0;  0.0; 11.3;  0.0;  0.0;  0.0;  0.0;  0.0;  0.0;  0.0;  0.0; 17.0; 21.6;  0.0;  0.0;  1.0;  1.1;  0.0;  0.0;  0.0;  0.0;  0.0;  0.0;  0.0;  0.0;  0.7;0.0;0.0;0.0;21.6;52.7
  11/1951;  0.2;  0.0;  0.0;  0.0;  4.5;  0.0;  0.0;  0.0;  2.4;  0.0;  5.0;  0.0;  0.0;  0.0;  0.6;  0.0;  0.0;  0.0;  0.1;  0.9;  3.5; 26.8; 21.4; 20.2; 27.4;  0.7; 37.5;  7.5;1.3;0.0;---;37.5;160.0
  12/1951;  0.0; 24.7;  0.0;  0.0;  0.0;  0.2;  1.3;  1.9;  0.0; 17.0;  0.0;  0.0;  0.0;  0.0;  0.0;  0.0;  0.0;  0.0; 13.1;  0.0; 13.5;  0.0;  0.0;  0.0;  0.0;  0.0;  0.0;  0.0;2.9;8.7;7.6;24.7;90.9
  01/1952;  5.7;  1.3;  0.0;  0.0;  0.0;  0.0;  3.0;  0.0;  7.3;  0.0;  0.0;  4.4; 18.9;  3.0;  3.2;  0.8;  2.0;  0.0;  0.0;  0.0; 11.3;  0.0; 56.6; 41.5; 12.5;  2.0;  0.0;  0.8;0.0;0.0;0.0;56.6;174.3
  02/1952;  0.0; 23.4; 24.5;  1.2; 69.1; 20.2; 10.6;  1.0; 20.1;  4.0;  7.7;  0.0; 17.9;  0.0;  0.0; 61.8;  0.0; 88.6;  0.0; 13.0;  3.4;  1.0;  0.0;  0.0; 19.3;  0.0;  0.0;  5.1;4.0;---;---;88.6;395.9
  03/1952; 58.1; 45.7;  0.0;  0.0;  0.0;  7.7;  2.1; 10.7; 68.1; 13.4;  2.8;  0.0;  0.0; 19.1;  9.3;  0.6;  0.0;  0.0;  0.0;  0.0;  0.0;  0.0;  9.8; 34.6;  0.0;  2.4;  0.0;  0.0;0.0;2.8;0.0;68.1;287.2
  04/1952;  0.0;  0.0;  0.0;  0.0;  0.0; 19.4;  0.0;  0.0;  0.0;  0.0; 17.4;  0.0;  0.0;  0.0;  0.0;  0.0;  0.0;  0.0;  0.0;  0.0;  0.0;  0.0;  0.0;  0.0;  0.0;  0.0;  0.0;  0.0;0.0;0.0;---;19.4;36.8
  05/1952;  0.0;  0.0;  0.0;  0.0;  0.0;  0.0;  0.0;  0.0;  0.0;  0.0;  0.0;  0.0;  0.0;  0.0;  0.0;  0.0;  0.0;  0.0;  0.0;  0.0;  0.0;  0.0;  0.0;  0.0;  0.0;  0.0;  0.0;  0.0;0.0;0.0;0.0;0.0;0.0
  06/1952;  0.0;  0.0;  0.0;  0.0;  0.0;  0.0;  0.0;  0.0; 15.1;  8.2; 11.3;  0.0;  0.0;  0.0;  0.0;  0.0; 11.6;  7.3;  0.0;  0.0;  0.0;  0.0;  0.0;  0.0;  0.0;  0.0;  0.0;  0.0;0.0;0.0;---;15.1;53.5
  07/1952;  0.0;  0.0;  0.0;  0.0;  0.0;  0.0;  0.0;  0.0;  0.0;  0.0;  0.0;  0.0;  0.0;  0.0;  0.0;  0.0;  0.0;  0.0;  0.0;  0.0;  0.0;  0.0;  0.0;  0.0;  0.0;  0.0;  0.0;  0.0;0.0;0.0;0.0;0.0;0.0
  08/1952;  0.0;  0.0;  0.0;  0.0;  0.0;  0.0;  0.0;  0.0;  0.0;  0.0;  0.0;  0.0;  0.0;  0.0;  0.0;  0.0;  0.0;  0.0;  1.2;  0.0;  0.0;  0.0;  0.0;  0.0;  0.0;  0.0;  0.0;  0.0;0.0;0.0;0.0;1.2;1.2
  09/1952;  0.0;  0.0;  0.0;  0.0;  5.2;  1.1;  0.0;  0.0;  0.0;  0.0;  0.0;  0.0;  0.0;  0.0;  0.0;  0.0;  0.0;  3.6;  1.0;  0.0;  0.0;  0.0;  0.0;  0.0;  0.0;  0.0;  0.5;  0.0;0.0;0.0;---;5.2;11.4
  10/1952;  0.0;  0.0;  0.0;  0.0;  0.0;  4.5;  0.0;  6.7;  0.0; 24.0;  0.0;  6.8;  2.0;  0.0;  0.0;  0.0;  6.5; 28.3; 14.4;  0.0;  3.4;  0.0;  0.0; 11.4;  0.0; 20.6;  0.2;  0.0;0.0;0.0;0.0;28.3;128.8
  11/1952;  0.0;  0.0;  0.0;  0.0;  0.0;  0.0;  5.4; 34.3;  4.6;  6.8;  0.0;  0.0;  0.0;  0.0;  0.0;  0.3; 35.2; 15.2; 16.6; 13.2;  0.0;  0.0;  0.0;  1.3;  0.0;  0.0;  0.0;  0.0;1.6;2.6;---;35.2;137.1
  12/1952;  0.0;  0.0;  0.0;  0.0;  0.0;  0.2;  0.0;  0.0;  0.0;  5.8;  1.5; 36.1;  2.6;  0.0;  0.0;  0.0;  0.0;  0.0;  0.0;  4.7;  4.0;  0.0;  0.0;  0.0;  4.2; 53.0;  0.0;  0.0;0.0;0.0;0.0;53.0;112.1
  01/1953;  5.5;  7.4; 36.7;  0.1;  4.0;  2.3; 28.2;  2.2;  7.7;  0.0;  0.0;  7.8;  0.0;  0.0;  0.0;  0.0;  0.0;  0.0;  0.0;  0.0;  0.0;  0.0;  1.1;  3.0; 15.1; 15.0; 40.2;  7.0;5.4;0.0;0.0;40.2;188.7
  02/1953;  0.0;  0.0; 48.8;  0.0; 10.1;  0.0;  0.0;  0.0;  7.5;  0.0;  0.0;  0.0; 18.7;  1.5;  0.0;  0.0;  0.0;  3.0;  0.0;  0.0; 29.0; 22.5;  0.0;  0.0;  6.1;  2.0;  0.7;  2.2;---;---;---;48.8;152.1
  03/1953;  0.0;  0.0;  0.0;  0.0;  0.0;  0.0;  0.0;  0.0;  0.0;  0.2;  1.0;  0.0;  1.2; 20.2;  0.6;  9.2;  1.0;  0.0; 11.2;  3.4; 11.7; 23.8;  0.0;  6.5; 14.2;  3.5; 48.0; 14.0;1.8;0.0;0.0;48.0;171.5
  04/1953;  0.0;  1.0; 12.4;  0.0;  6.6;  0.0;  5.5;  5.1;  0.0;  0.0;  0.2;  0.0;  0.0;  0.0;  0.0; 10.7;  0.0;  0.0;  0.0;  0.0;  0.2;  0.0;  0.0;  0.0;  0.0;  0.0;  0.0;  0.0;0.0;0.0;---;12.4;41.7
  05/1953;  0.0;  0.0;  0.0;  0.1;  0.0;  0.0;  0.0;  0.0;  0.0;  0.0;  5.5;  0.0;  0.0;  0.0;  0.0;  0.0;  0.0;  0.0;  0.0;  0.0;  0.0;  7.6;  8.6;  0.0;  1.4;  0.0;  0.0;  0.0;0.0;0.0;0.0;8.6;23.2
  06/1953;  0.0;  0.0;  0.0;  0.0;  0.0;  0.0;  0.0;  0.0; 23.7;  0.0;  0.0;  0.0;  0.0;  0.0;  0.0;  0.0;  0.0;  0.0;  0.0;  0.0;  0.0;  0.0;  0.0;  0.0;  0.0;  0.0;  0.0;  0.0;0.0;0.0;---;23.7;23.7
  07/1953;  0.0;  0.0;  0.0;  0.0;  0.0;  0.0;  0.0;  0.0; 11.2; 13.3;  0.0;  0.0;  0.0;  0.0;  0.0;  0.0;  0.0;  0.0;  0.0;  0.0;  0.0;  0.0;  0.0;  0.0;  0.0;  0.0;  0.0;  0.0;0.0;0.0;0.0;13.3;24.5
  08/1953;  0.0;  0.0;  0.0;  0.0;  0.0;  0.0;  0.0;  0.0;  0.0;  0.0;  0.0;  0.0;  0.0;  0.0;  0.0;  0.0;  0.0;  0.0;  0.0;  0.0;  0.0;  0.0;  1.3;  0.0;  0.0;  0.0;  0.0;  0.0;0.0;0.0;0.0;1.3;1.3
  09/1953;  0.0;  0.0;  5.0;  0.0;  0.0;  0.8;  0.0; 37.5;  1.1;  0.7;  0.2;  0.0;  0.0;  0.0; 11.0;  0.0;  0.0;  0.0;  0.0;  0.0;  0.0;  4.5;  0.0;  2.6;  0.0;  0.0;  1.0;  0.0;0.0;0.0;---;37.5;64.4
  10/1953;  0.0;  0.0;  0.0;  0.0;  0.5;  0.0;  7.0;  0.0;  0.0;  0.0;  0.0;  0.0;  0.0;  3.5;  0.0; 22.0;  0.2;  4.2;  0.0; 12.1;  0.0;  0.0;  0.0;  0.0;  0.0;  0.0;  0.0;  0.0;0.0;0.0;2.2;22.0;51.7
  11/1953;  0.0; 22.3;  0.0;  0.0;  0.0; 32.2;  6.5; 30.2;  4.0;  0.0;  0.3; 38.0; 15.3; 23.1;  0.1;  0.0;  0.0;  0.0; 15.0;  0.0;  0.0;  0.0; 15.5;  0.0;  0.0;  0.0;  0.0;  0.0;8.3;6.3;---;38.0;217.1
  12/1953;  3.4;  1.3; 56.2; 34.1;  0.0;  3.7;  0.0;  4.7;  0.0;  0.0; 32.2;  7.1;  6.7;  0.0;  0.0;  0.0; 27.5;  0.0;  0.0;  0.0; 19.0;  0.0;  0.0;  0.0;  0.0;  0.0;  4.5;  0.8;0.0;0.0;0.0;56.2;201.2
  01/1954;  0.0;  0.0;  0.8; 48.6;  0.6;  0.0;  0.0;  7.7;  3.9;  0.0;  0.0;  0.0;  0.0;  0.0;  0.0;  0.0;  0.0; 45.5;  0.0; 37.8; 18.3;  4.0;  3.9; 12.6;  0.0;  0.0;  0.0;  0.0;1.1;0.0;0.0;48.6;184.8
  02/1954;  0.0;  5.0;  0.0; 11.0; 36.0; 14.9;  3.7; 12.2;  0.0; 39.5;  0.2;  1.2;  0.1; 12.0;  6.6;  1.8;  1.2;  1.4;  1.7;  1.5;  0.0;  0.0;  0.0;  0.0;  0.0;  0.0;  0.0;  0.3;---;---;---;39.5;150.3
  03/1954; 22.0;  4.5;  0.0;  0.2; 33.7;  0.0;  0.0;  0.0;  0.0;  4.9;  2.8;  0.4;  0.0;  0.0;  0.0;  0.0;  0.0;  0.0;  0.0;  0.0;  0.0;  0.0;  0.0;  0.0;  0.0;  0.0;  0.0;  0.0;45.4;24.7;0.0;45.4;138.6
  04/1954;  0.0;  5.0;  0.0;  0.0;  0.0;  0.0;  0.0;  0.0;  0.0;  3.0;  0.0;  0.0;  0.0;  0.0;  0.0;  0.0;  0.0;  0.0;  0.0;  0.0;  0.0;  0.0;  0.0;  0.0;  0.0;  0.0;  4.6;  0.0;0.0;26.5;---;26.5;39.1
  05/1954;  0.0;  0.0;  0.0;  0.0;  0.0;  0.0;  0.0;  0.0; 55.4; 18.5;  0.0;  0.0; 28.3;  0.0;  0.8;  0.0;  0.0;  1.0;  1.1;  1.0; 24.0;  0.0;  0.0;  0.0;  0.0;  0.0;  0.0;  0.0;0.0;0.0;0.0;55.4;130.1
  06/1954;  0.0;  0.0;  4.4;  4.4; 18.4; 11.6;  0.0;  0.0;  0.0;  0.0;  0.0;  0.0;  0.0;  0.0;  0.0;  0.0;  0.0;  0.0;  0.0;  0.0;  0.0;  2.7;  0.0;  0.0;  0.0;  0.0;  0.0;  0.0;0.0;0.0;---;18.4;41.5
  07/1954;  0.0;  0.0;  0.0;  0.0;  0.0;  0.0;  0.0;  0.0;  0.0;  0.0;  0.0;  0.0;  0.0;  0.0;  0.0;  0.0;  0.0;  0.0;  0.0;  0.0;  0.0;  0.0;  0.0;  0.0;  0.0;  0.0;  0.0;  0.0;2.0;0.0;0.0;2.0;2.0
  08/1954;  0.0;  0.0;  0.0;  0.0;  0.0;  0.0;  0.0;  0.0;  0.0;  0.0;  0.0;  0.0;  0.0;  0.0;  0.0;  0.0;  0.0;  0.0;  0.0;  0.0;  0.0;  0.0;  0.0;  0.0;  0.0;  0.0;  0.0;  0.0;0.0;0.0;0.0;0.0;0.0
  09/1954;  0.0;  0.0;  0.0;  0.0;  0.0;  0.0;  0.0;  0.0;  0.0;  0.0;  0.0;  0.0;  0.0;  0.0;  0.0;  0.0;  0.0;  0.0;  0.0;  0.0;  0.0;  0.0;  0.0;  0.0;  0.0;  0.3;  0.8;  3.1;0.0;35.4;---;35.4;39.6
  10/1954;  0.0;  0.0;  0.0;  0.0;  0.0;  0.0;  0.0;  0.0;  0.0; 20.1;  1.6;  0.0;  0.0;  0.0; 25.5;  0.0;  0.0;  0.0;  0.0;  0.0; 20.3;  0.0;  0.0;  0.0;  0.0;  0.0;  6.0;  0.0;0.0;1.0;0.0;25.5;74.5
  11/1954;  0.0;  0.0;  0.0;  0.0;  0.0;  0.0;  0.0;  0.0;  0.0;  0.0;  0.0; 24.2;  0.0; 30.5;  9.4;  0.0;  3.2; 42.7;  0.0; 25.3;  0.0;  4.0; 16.9;  0.0;  0.0;  0.0;  8.2; 10.2;0.0;0.0;---;42.7;174.6
  12/1954;  0.0;  0.0; 30.1;  2.4;  0.0;  4.3; 28.5;  0.0;  0.0;  6.0;  0.0; 43.0; 24.2;  0.0;  0.0;  0.0;  7.0;  0.0;  5.2; 11.3; 10.3; 22.4;  0.0;  0.0;  0.0;  0.3;  0.0;  0.0;0.0;0.0;0.0;43.0;195.0
  01/1955;  0.0; 23.7; 11.0;  8.5;  2.0;  0.0;  1.0;  0.0;  0.0;  9.7;  0.0;  1.1; 31.7; 30.0;  2.0; 11.0; 50.1;  6.1;  0.0;  0.0;  0.0;  0.0;  2.7;  0.0;  0.0;  0.0;  0.0;  0.0;0.0;0.0;0.0;50.1;190.6
  02/1955; 79.5;  0.0; 31.2;  0.0;  0.0;  0.0;  0.0;  0.0;  0.0;  0.0;  1.0;  0.0;  0.0;  0.0;  0.0;  0.0;  0.0;  0.0;  0.0; 16.3;  7.0;  0.0;  1.7; 10.7;  1.2; 17.0; 17.5;  1.5;---;---;---;79.5;184.6
  03/1955;  0.0;  2.2;  0.0;  0.0;  0.0;  0.0;  0.0;  0.0; 29.2;  0.0;  4.1;  0.0;  0.0;  0.0; 22.2;  0.0;  0.0;  0.8;  0.0;  0.0;  0.0; 12.1;  0.0;  0.0;  0.0;  0.0;  8.0;  2.1;17.2;19.4;0.0;29.2;117.3
  04/1955;  0.0; 43.7;  0.0;  1.2;  2.2;  6.8;  0.0;  0.0;  0.0;  0.0;  0.0;  0.0;  5.5;  0.0;  0.0; 13.6;  3.2;  0.0;  0.0;  0.0;  0.0;  0.0;  0.0;  0.0;  0.0;  0.0;  0.0;  0.0;41.9;0.0;---;43.7;118.1
  05/1955;  0.0;  0.0;  0.0;  0.0;  0.0;  0.0;  0.0;  0.0;  0.0;  0.0;  0.0;  0.0;  0.0;  0.0;  0.0;  0.0;  0.0;  0.0;  0.0;  0.0;  5.6;  0.0;  0.0;  2.5;  0.0;  0.0;  0.0;  0.0;0.0;0.0;4.0;5.6;12.1
  06/1955;  0.0;  0.0;  0.0;  0.0;  0.0;  5.0;  0.0;  0.0;  0.0; 15.0;  0.0;  0.0;  0.0;  0.6;  0.0;  0.0;  0.0;  0.0;  0.0;  0.0;  0.0;  0.0;  0.0;  0.0;  0.0;  0.0;  0.0;  0.0;0.0;0.0;---;15.0;20.6
  07/1955;  0.0;  0.0;  0.0;  0.0;  0.0;  0.0;  0.0;  0.0;  0.0;  0.0;  0.0;  0.0;  0.0;  0.0;  0.0;  0.0;  0.0;  0.0;  0.0;  0.0;  0.0;  0.0;  0.0;  0.0;  0.0;  0.0;  0.0;  0.0;0.0;0.0;0.0;0.0;0.0
  08/1955;  0.0;  0.0;  0.0;  0.0;  0.0;  0.0;  0.0;  0.0;  0.0;  0.0;  0.0;  0.0;  0.0;  0.0;  0.0;  0.0;  0.0;  0.0;  0.0;  0.0;  0.0;  0.0;  0.0;  0.0;  0.0;  0.0;  0.0;  0.0;0.0;0.0;0.0;0.0;0.0
  09/1955;  0.0;  0.0;  0.0;  0.0;  0.0;  0.0;  0.0;  0.0;  0.0;  0.0;  0.0;  0.0;  0.0;  0.0;  0.0;  0.0;  0.0;  0.0;  0.0;  0.0;  0.0;  0.0;  0.0;  0.0;  0.0;  0.0;  0.0;  0.0;0.0;0.0;---;0.0;0.0
  10/1955;  0.0;  0.0;  0.0;  0.0;  0.0;  0.0;  0.0; 10.2;  1.2;  0.0;  0.0;  0.0; 14.7; 13.5; 23.8;  0.0; 27.8;  6.3;  0.0;  0.0;  0.0;  0.0;  0.0;  0.0;  4.2;  0.0;  0.0;  0.0;46.5;0.0;5.0;46.5;153.2
  11/1955;  3.3; 22.3; 25.8;  0.0;  0.0;  0.0;  3.2;  0.0;  0.0;  5.3;  3.6;  0.0;  0.0;  0.0;  0.0;  0.0;  0.0;  1.1;  0.0; 19.0;  0.0;  0.0; 19.0;  0.0;  0.0;  0.0;  0.0;  0.0;0.0;0.0;---;25.8;102.6
  12/1955;  0.0; 27.2; 31.5; 21.8;  0.0;  1.0;  4.0;  0.0;  0.0;  0.0;  0.0;  0.0; 37.3;  3.7;  1.4;  0.0; 23.3; 15.5; 13.5; 32.5;  0.0;  0.0;  0.0;  0.0;  4.8;  0.0; 24.0;  0.0;14.7;2.0;9.4;37.3;267.6
  01/1956; 12.0; 16.0; 28.2; 26.7;  5.6; 10.0;  0.0;  0.0;  0.0;  0.0;  0.0;  0.0;  0.0;  0.0;  0.0;  0.0;  0.0;  0.0;  0.0;  3.6;  0.0;  9.1;  0.0;  0.0;  0.0;  0.0;  0.0;  2.2;4.8;0.0;0.0;28.2;118.2
  02/1956;  0.0;  3.0;  0.0;  0.0;  0.0;  0.0;  0.0;  3.7;  0.0;  0.0;  0.0;  4.0;  2.0; 25.8; 17.5; 10.7; 12.1; 64.6; 45.3; 46.0;  0.0;  0.0; 40.0; 17.0;  0.0; 12.5;  8.1; 20.0;5.9;---;---;64.6;338.2
  03/1956;  3.1;  7.3;  0.0;  0.0;  0.0;  0.0;  2.6;  0.0;  0.9;  0.0;  1.3;  4.0;  2.5;  0.0;  0.0;  0.0;  6.8;  0.0;  5.9; 13.0;  0.0;  0.0;  0.0;  0.0;  0.0;  0.0;  0.0;  0.0;0.0;0.0;0.0;13.0;47.4
  04/1956;  0.0; 10.0;  0.0;  0.0;  0.0;  0.0;  6.5;  2.8;  0.0;  5.9;  0.0;  0.0;  0.0;  0.0;  0.0;  0.0;  0.0;  0.0;  0.0; 11.0;  0.0;  0.0;  0.0;  0.0;  0.0; 12.7;  1.5;  0.1;18.2;0.0;---;18.2;68.7
  05/1956;  3.9; 37.0;  0.0;  0.0;  2.3;  2.9;  0.0; 21.5;  9.8;  0.0;  0.0;  0.0;  0.0;  0.0;  0.0;  0.0;  0.0;  0.0;  0.0;  0.0;  5.0;  0.3;  0.0;  0.0;  0.0; 11.1;  4.8;  0.0;0.0;0.0;0.0;37.0;98.6
  06/1956; 22.0;  1.4;  8.0;  0.0;  0.0;  0.0;  0.0;  0.0;  0.0;  9.2; 11.7;  7.0;  1.5;  2.2;  0.5;  2.3;  0.0;  0.0;  0.0;  0.0;  0.0;  0.0;  0.0;  0.0;  0.0;  0.1;  0.0;  0.0;0.0;0.0;---;22.0;65.9
  07/1956;  0.0;  0.0;  0.0;  0.0;  0.0;  0.0;  7.8;  0.0;  0.0;  0.0;  0.0;  0.0;  0.0;  0.0;  1.0;  0.0;  0.0;  0.0;  0.0;  0.0;  5.0;  0.0;  0.0;  1.0;  0.5;  0.0;  0.0;  5.3;0.8;23.0;0.0;23.0;44.4
  08/1956; 46.0;  0.4;  0.0; 11.5;  0.0;  0.0;  0.0;  2.1;  0.0;  0.0;  0.0;  0.0;  0.0;  0.0;  0.0;  0.0;  0.0;  0.0;  0.0;  0.0;  0.0;  0.0;  0.0;  0.0;  0.0;  0.0;  0.0;  2.0;0.0;0.0;0.0;46.0;62.0
  09/1956;  0.0;  0.0;  0.0;  0.0;  0.0;  0.0;  0.0;  0.0;  0.0; 20.3; 13.0;  0.0;  1.0; 11.3;  2.1;  0.0;  0.0;  0.0;  0.0;  0.0;  0.0;  0.0;  0.0;  0.0;  0.0;  0.0;  0.0;  0.0;4.3;13.5;---;20.3;65.5
  10/1956;  0.3;  0.0;  0.0;  0.0;  0.0;  0.0;  0.0;  0.0;  0.0;  0.0;  5.0;  0.0;  0.0;  0.0;  0.0;  0.0; 13.2;  0.0;  0.0;  0.0;  0.0;  0.0;  0.0;  2.6;  0.0;  0.0;  1.7; 38.5;2.5;32.0;0.0;38.5;95.8
  11/1956;  0.0;  0.0;  0.0;  0.0;  5.0;  0.0;  0.0;  0.0;  0.0;  1.5;  0.0;  0.0; 18.4;  2.5;  0.0;  0.0;  0.0;  0.0;  0.0;  0.0;  0.0;  0.4;  7.0; 28.9;  0.0;  0.0;  0.0;  0.0;0.0;0.0;---;28.9;63.7
  12/1956;  0.0;  0.0;  0.0;  0.0; 30.5; 41.5; 51.0; 23.0; 11.5;  0.0;  0.0;  0.0;  0.0; 83.0; 11.0; 29.0;  0.0;  0.0;  0.0; 21.0;  0.0;  0.0;  2.1; 43.0; 42.0; 74.5;  0.9;  0.0;0.0;0.0;4.9;83.0;468.9
  01/1957; 30.0;  0.0;  0.0;  0.0;  0.0;  2.4;  0.0;  0.0;  6.8; 23.8; 10.1;  2.5;  0.0; 47.3;  6.3; 16.5; 30.5;  8.5; 24.3;  5.7;  4.5;  4.5;  0.0;  0.0; 14.8;  0.0;  0.0;  0.0;17.3;0.0;0.0;47.3;255.8
  02/1957;  4.3;  0.8;  0.9;  1.1;  0.0; 18.3; 27.0; 16.3; 32.5;  9.0; 25.4;  4.5;  0.0;  0.0; 31.5; 25.2;  7.3;  0.0;  0.0;  0.0;  0.0;  0.0; 22.5;  0.0;  0.0; 11.0; 23.5;  5.0;---;---;---;32.5;266.1
  03/1957;  0.0;  0.0;  0.0;  0.0;  0.0;  0.0;  7.0;  0.0;  0.0;  4.5; 10.5;  0.0;  2.7;  0.0;  0.0;  0.0;  0.0;  0.0;  0.0;  4.6; 14.0; 30.1; 22.0;  0.0;  0.0;  0.0;  0.0;  0.0;7.8;9.9;1.6;30.1;114.7
  04/1957;  0.0; 48.0; 10.0;  0.0;  2.4;  8.9;  0.0;  0.0;  3.1;  7.9; 24.2;  5.3;  0.0;  0.0;  0.0;  8.3;  0.0;  0.0;  0.0;  0.0;  0.0;  0.0;  0.0;  0.0;  0.0;  0.0;  0.0;  0.0;0.0;26.8;---;48.0;144.9
  05/1957;  4.3;  0.0;  0.0;  0.0;  0.0;  0.0;  0.0;  4.3;  4.5; 21.8;  0.0;  0.0;  0.0;  0.0;  0.0;  6.0;  0.0;  0.0;  0.0;  0.0;  0.0;  0.0;  0.0;  0.0;  0.0;  0.0;  0.0;  0.0;0.0;0.0;0.0;21.8;40.9
  06/1957;  0.0;  0.0;  0.0;  0.0;  0.0;  0.0;  0.0; 19.0;  0.0;  0.0;  0.0;  0.0;  0.0;  0.0;  0.0;  0.0;  0.0;  0.0;  0.0;  0.0;  0.0;  0.0;  0.0;  0.0;  0.0;  0.0;  0.0;  0.0;0.0;0.0;---;19.0;19.0
  07/1957;  0.0;  0.0;  0.0;  0.0; 50.5; 11.5;  0.0;  0.0;  0.0;  0.0;  0.0;  0.0;  0.0;  0.0;  0.0;  0.0;  2.3;  4.0;  2.4;  0.2;  0.0;  0.0;  0.0;  0.0;  0.0;  0.0;  0.0;  0.0;0.0;0.0;0.0;50.5;70.9
  08/1957;  0.0;  0.0;  0.0;  0.0;  0.0;  0.0;  0.0;  0.0;  0.0;  0.0;  0.0;  0.0;  0.0; 12.0;  0.0;  5.5;  5.8;  0.0; 14.5;  0.0;  0.0;  0.0;  0.0;  0.0;  0.0;  0.0;  0.0;  0.0;0.0;0.0;0.9;14.5;38.7
  09/1957;  0.0;  0.0;  6.0; 48.3;  8.6;  0.0;  0.0;  0.0;  2.0;  0.0;  0.0; 13.0; 14.3;  0.0;  0.0;  2.0;  0.0;  0.0;  0.0;  0.0;  0.0;  0.0;  5.0;  3.0;  0.0;  0.0;  0.0;  0.0;0.0;0.0;---;48.3;102.2
  10/1957;  7.7;  0.0;  0.0;  0.0;  0.0;  0.0;  0.0;  0.0;  0.0;  0.0;  0.0;  0.0;  0.0;  0.0; 29.8;  0.0;  0.0;  0.0;  0.0;  0.0;  0.0; 13.3;  0.0;  0.0;  0.0;  0.0;  0.3; 17.0;7.5;46.0;0.0;46.0;121.6
  11/1957;  0.0;  0.0;  0.0;  0.0;  0.0;  0.0;  0.0; 36.8; 58.3;  0.0;  0.0;  0.0;  0.0;  8.1;  0.0;  0.0;  9.8; 97.3;  7.0; 40.1; 31.7;  2.0;  0.0;  0.0;  0.0;  0.0;  0.0;  0.0;0.0;0.0;---;97.3;291.1
  12/1957; 20.5; 38.0;  9.0;  0.0;  3.2;  1.0;  0.0;  0.0;  0.0;  0.0; 20.0; 11.3;  0.0;  0.0; 30.9; 14.5;  2.3; 10.5; 35.2;  0.0;  6.1;  0.0;  6.3;  0.0;  0.0;  3.8;  0.0;  0.0;0.0;0.0;0.0;38.0;212.6
  01/1958;  0.0;  0.0;  0.0;  0.0;  0.0;  0.0;  0.0;  0.0;  0.0;  3.1;  0.0;  0.0;  0.0;  0.0; 25.7;  3.3;  0.0; 13.8; 10.7;  0.6;  0.0; 32.3; 33.2;  0.0;  7.1; 33.8;  9.6;  2.6;9.5;0.0;0.0;33.8;185.3
  02/1958;  0.0;  0.0;  0.0; 29.5;  3.3; 16.5;  8.6; 15.6;  0.0;  0.0;  0.0;  0.0;  0.0;  0.8;  0.0;  0.0;  0.0;  0.0;  0.0;  0.0;  9.3;  0.0;  0.0;  0.0;  3.0; 34.4; 29.7; 27.8;---;---;---;34.4;178.5
  03/1958;  0.0; 26.2;  0.0;  1.3;  0.8;  0.0;  0.0;  0.0;  0.0;  0.0;  0.0;  0.0;  0.0;  0.0;  0.0; 20.0; 63.3; 39.4;  6.2;  0.0;  0.0;  0.0; 23.5;  0.0;  0.0;  0.0;  0.0;  0.0;0.0;0.0;26.2;63.3;206.9
  04/1958;  4.9;  2.7;  0.0;  0.0;  0.0; 25.0;  0.0;  0.0;  0.0;  0.0;  6.0;  0.0; 10.0;  8.0;  0.0;  0.0;  0.0;  0.0; 18.2;  7.3;  0.0;  0.0;  0.0;  0.0;  0.0;  0.0;  0.0;  0.0;0.0;0.0;---;25.0;82.1
  05/1958;  0.0;  0.0;  0.0;  6.5; 10.0; 26.4;  4.6;  0.0;  0.0;  1.4;  0.0;  0.0;  0.0;  0.0;  0.0;  0.0;  0.0;  0.0;  0.0;  0.0;  0.0; 20.5; 37.0;  7.8; 18.0; 14.3;  0.3;  6.3;0.1;0.0;0.0;37.0;153.2
  06/1958;  0.0;  0.0;  0.0;  0.0;  0.0;  0.0;  0.0;  0.0;  0.0;  0.0;  0.0;  0.0;  0.0;  0.0; 41.0;  6.3;  0.0;  0.0;  0.0;  0.0;  0.0;  0.0;  0.0;  0.0;  0.0;  0.0;  0.0;  0.0;0.0;0.0;---;41.0;47.3
  07/1958;  0.0;  0.0;  0.0;  0.0;  0.0;  0.0;  0.0;  0.0;  0.0;  0.0;  0.0; 24.2;  0.0;  0.0;  0.0;  9.3;  0.0;  3.4;  7.2;  0.0;  0.0;  0.0;  0.0;  0.0;  0.0;  0.0;  0.0;  0.0;0.0;0.0;0.0;24.2;44.1
  08/1958;  0.0;  0.0;  0.0;  0.0;  0.0;  0.0;  0.0;  0.0;  0.0;  0.0;  0.0;  0.0;  0.0;  0.0;  0.0;  0.0;  0.0;  0.0;  0.0;  0.0;  0.0;  0.0;  0.0;  0.0;  0.0;  0.0;  0.0;  0.0;0.0;14.0;0.0;14.0;14.0
  09/1958;  0.0;  0.0;  0.0;  0.0;  0.0;  0.0;  0.0;  0.0;  0.0;  4.6;  0.0;  0.0; 12.6; 22.5; 61.0;  0.0;  0.0;  0.0;  0.0;  0.0;  0.0;  0.0;  0.0;  0.0;  0.0;  0.0;  0.0;  0.0;0.0;0.0;---;61.0;100.7
  10/1958;  0.0;  0.0;  0.0;  0.0;  0.0;  0.0;  4.6;  4.0;  0.0;  0.0;  4.6; 20.0;  0.0;  0.0;  0.0;  0.0;  0.0; 26.5;  0.0;  0.0;  0.0;  0.0;  0.0;  0.0;  0.0;  0.0; 26.5; 12.8;10.8;6.0;0.0;26.5;115.8
  11/1958;  0.0;  0.0;  0.0;  3.1;  1.8;  0.0;  0.0;  0.0;  0.0;  0.0;  0.0; 12.5;  0.0;  0.0;  0.0;  0.0;  0.0;  0.0;  6.7;  0.0;  0.0;  0.0;  0.0;  0.0;  7.8;  0.0;  0.0;  4.0;0.0;0.0;---;12.5;35.9
  12/1958;  0.0;  0.0;  0.0;  0.0;  0.0;  0.0; 20.8;  0.0; 71.0;  0.0;  0.0; 15.5; 15.0;  0.0; 17.0;  7.5;  5.7;  0.0;  3.4; 28.0;  0.0;  0.0;  0.0;  0.0;  0.0;  0.0;  0.0;  0.0;0.0;0.0;0.0;71.0;183.9
  01/1959;  0.0;  0.0;  0.0;  0.0; 39.4; 26.9;  7.2;  9.7;  1.5;  0.0;  0.0; 30.0;  4.5; 12.4;  6.3;  0.0;  0.0; 25.0; 89.0;  0.0;  0.0;  0.0; 26.8; 24.0; 36.5;  0.0;  0.0;  0.0;5.8;0.0;2.2;89.0;347.2
  02/1959;  0.0; 11.5; 48.2; 13.0;  0.0;  0.0;  0.0;  1.5;  0.0;  0.0;  0.0;  0.0;  8.0; 24.5;  0.0;  0.0;  0.0;  0.0;  0.0;  0.0;  0.0;  0.0;  0.0;  0.0;  0.0;  8.8;  0.0; 17.3;---;---;---;48.2;132.8
  03/1959;  0.0;  0.0;  0.0;  0.0;  0.0;  0.0;  2.5;  0.0; 22.8; 15.8;  0.0;  0.0;  0.0; 12.6;  0.0;  0.0;  0.8; 45.5; 11.5;  0.0; 90.8; 21.0; 10.8; 10.0; 19.8;  0.0;  0.0;  0.0;22.0;11.3;0.0;90.8;297.2
  04/1959;  0.0;  8.6;  4.2;  0.0;  0.0;  0.0;  0.0;  0.0;  0.0;  0.0;  0.0;  0.0;  0.0;  0.0;  0.0;  0.0;  0.0;  0.0;  0.0;  0.0;  0.0;  0.0; 21.6; 81.0;  1.0;  9.3;  0.0;  0.0;0.0;0.0;---;81.0;125.7
  05/1959;  0.0;  0.0;  0.0;  0.0;  0.0;  0.0;  0.0;  0.0;  0.0;  0.0;  0.0;  0.0;  0.0;  0.0;  0.0;  0.0;  0.0;  0.0;  0.0;  6.5;  0.0;  0.0;  0.0;  0.0;  0.0;  0.0;  0.0;  0.0;0.0;0.0;0.0;6.5;6.5
  06/1959;  0.0;  0.0;  0.0;  0.0;  0.0; 11.0;  0.0;  0.0;  0.0;  0.0;  0.0;  0.0;  0.0;  0.0;  0.0;  0.0;  0.0;  0.0;  0.0;  0.0;  0.0;  0.0;  0.0;  0.0;  0.0;  0.0;  0.0;  0.0;0.0;0.0;---;11.0;11.0
  07/1959;  0.0;  0.0;  0.0;  0.0;  0.0;  0.0;  0.0;  0.0;  0.0;  0.0;  0.0;  0.0;  0.0;  0.0;  0.0;  0.0;  0.0;  0.0;  0.0;  0.0;  0.0;  0.0;  0.0;  0.0;  0.0;  0.0;  0.0;  0.0;0.0;0.0;0.0;0.0;0.0
  08/1959;  5.3;  0.0;  0.0;  0.0;  0.0;  0.0;  0.0;  7.3;  0.0;  0.0;  0.0;  0.0;  0.0; 12.0;  0.0;  0.0;  0.0;  0.0;  0.0;  0.0;  0.0;  0.0;  0.0;  0.0;  0.0;  0.0;  0.0;  0.0;0.0;0.0;0.0;12.0;24.6
  09/1959;  0.0;  0.0;  0.0;  0.0;  0.0;  0.0;  0.0;  0.0;  0.0;  0.0;  0.0;  0.0;  0.0;  0.0;  0.0;  0.0;  0.0;  0.0;  0.0;  0.0;  0.0;  0.0;  0.0;  0.0;  0.0;  6.7;  0.0;  0.0;0.0;0.0;---;6.7;6.7
  10/1959;  0.0;  0.0;  0.0;  0.0;  0.0;  0.0;  0.0; 11.0;  0.0;  5.3;  0.0;  0.0; 15.8;  8.8;  0.0;  0.0;  0.0; 30.3;  8.0;  0.3;  0.0;  0.0;  0.0;  0.0;  0.0;  0.0;  0.0;  0.0;4.5;1.0;5.5;30.3;90.5
  11/1959; 19.6; 16.6; 25.9;  0.0;  0.0; 12.5;  0.5; 24.3;  1.5;  0.0;  0.0;  0.0;  0.0; 10.0;  0.0;  0.0;  0.0;  0.0; 23.3;  0.0;  3.5; 12.8;  0.0;  0.0;  4.0; 20.4; 10.8;  2.8;0.0;0.0;---;25.9;188.5
  12/1959;  0.0;  0.0;  0.0; 26.3;  0.0;  0.0; 11.0;  3.0; 32.5; 47.0; 21.8; 13.7;  0.0;  0.0;  0.0;  3.8;  0.0;  0.0; 24.0;  0.0;  0.0; 15.0;  0.0; 24.4;  0.0;  0.0;  0.0;  0.0;0.0;4.2;0.0;47.0;226.7
  01/1960;  0.0; 42.0;  0.0;  0.0;  0.0;  0.0;  4.3;  4.6; 34.0; 25.9;  0.0;  7.1;  0.0;  0.0;  0.0;  0.0;  0.0; 41.3;  3.4; 48.0; 17.5; 21.0; 17.0; 58.5;  2.5;  4.4;  0.0;  0.0;0.0;0.0;0.0;58.5;331.5
  02/1960; 26.5;  0.0;  0.0; 49.0;  1.0;  0.0;  0.0; 43.8;  0.0;  5.3;  0.0;  0.0;  0.0;  0.0;  0.0;  0.0;  0.0;  0.0;  0.0; 65.5;  8.0;  3.5;  4.7; 41.3;  6.5;  6.2; 30.0; 16.0;49.0;---;---;65.5;356.3
  03/1960; 22.5;  9.2;  9.3;  0.0;  0.0;  0.0;  0.0;  0.0;  0.0;  0.0;  0.0;  0.0;  0.0; 10.0; 13.5;  0.0;  8.2;  0.0;  0.0;  0.0;  1.7; 43.3;  8.0;  0.0;  0.0;  0.0;  0.0;  0.0;0.0;1.0;2.0;43.3;128.7
  04/1960;  0.0;  0.0;  0.0;  0.0;  0.0;  0.0;  0.0;  2.2;  0.0;  0.0;  0.0;  0.0;  0.0;  0.0;  0.0;  0.0;  0.0;  0.0;  0.0;  0.0;  0.0;  0.0;  0.0;  0.0;  0.0;  0.0;  0.0;  0.0;0.0;0.0;---;2.2;2.2
  05/1960; 20.3;  0.0;  0.0;  0.0;  0.0;  0.0;  0.0;  0.0;  0.0;  2.5;  0.0;  0.0;  0.0;  0.0;  0.0; 10.8;  0.0;  0.0;  0.0;  0.0;  0.0;  0.0;  0.0;  0.0;  0.0;  0.0;  0.0;  0.0;0.0;0.0;0.0;20.3;33.6
  06/1960;  0.0;  0.0;  0.0;  0.0;  0.0;  0.0;  0.0;  0.0;  0.0;  0.0;  0.0;  0.0; 24.0; 10.5;  8.5;  3.5;  0.0;  0.0;  0.0;  0.0;  0.0;  0.0;  0.0; 10.8;  6.2; 21.0;  0.0;  0.0;0.0;0.0;---;24.0;84.5
  07/1960;  0.0;  0.0;  0.0;  0.0;  0.0;  0.0;  0.0;  0.0;  0.0;  0.0;  0.0;  0.0;  0.0;  0.0;  0.0;  0.0;  0.0;  0.0;  0.0;  0.0;  0.0;  0.0;  0.0;  0.0;  0.0;  0.0;  0.0;  0.0;0.0;0.0;0.0;0.0;0.0
  08/1960;  0.0;  0.0;  0.0;  0.0;  0.0;  0.0;  0.0;  0.0;  0.0;  0.0;  0.0;  0.0;  0.0;  0.0;  0.0;  8.8;  0.0;  0.0;  0.0;  0.0;  0.0;  0.0;  0.0;  0.0;  0.0;  0.0;  0.0;  0.0;0.0;0.0;0.0;8.8;8.8
  09/1960;  0.0;  4.0;  0.0;  0.0;  0.0;  0.0;  0.0;  0.0;  0.0;  0.0;  0.0;  0.0;  0.0;  0.0;  0.0;  0.0;  0.0;  0.0;  0.0;  0.0;  0.0;  0.0;  0.0;  0.0;  0.0;  0.0;  0.0;  0.0;0.0;0.0;---;4.0;4.0
  10/1960; 19.0; 18.0;  0.0;  0.0;  0.0;  0.0;  0.0; 15.8;  0.0;  0.0;  0.0;  0.0;  0.0;  0.0;  0.0;  3.6; 10.0;  0.0;  1.0; 19.0;  0.0;  0.0;  0.0;  0.0;  0.0; 12.0;  1.6;  0.0;0.0;0.0;7.1;19.0;107.1
  11/1960;  0.0;  0.0;  0.0;  0.0; 17.5;  0.0;  0.0; 15.4;  0.0;  6.4;  5.3; 19.5;  0.0;  5.4; 74.0;  3.8;  1.0;  0.0;  0.0; 19.0; 48.0;  0.0;  0.0; 32.0;  0.0; 71.5; 36.4; 22.4;0.0;27.0;---;74.0;404.6
  12/1960;  0.0;  0.0;  0.0;  0.0;  0.0;  0.0;  0.0;  2.0;  0.0;  0.0;  0.0;  0.0;  9.3;  0.0;  0.0; 47.3;  0.0; 22.5; 30.5; 24.0; 38.0; 16.7; 18.0;  0.0;  0.0;  8.0;  0.0; 19.6;25.0;6.0;27.0;47.3;293.9
  01/1961;  8.0; 13.5; 18.0;  8.8;  7.2; 10.0; 11.0;  6.4; 22.6;  9.3;  0.0;  2.5;  0.0;  0.0;  0.0;  0.0;  0.0;  0.0;  0.0;  0.0;  9.0;  4.3;  6.4;  0.0;  0.0; 29.4;  0.0;  0.0;12.0;22.0;0.7;29.4;201.1
  02/1961; 16.5; 21.5; 19.4; 16.5;  2.3;  0.0;  0.0;  2.5;  0.0; 46.2;  0.0;  0.0; 11.0; 54.8;  0.0;  0.0;  8.3;  3.6; 14.5;  9.3;  9.7;  6.3; 19.5; 16.6; 24.5;  0.0;  0.0;  7.0;---;---;---;54.8;310.0
  03/1961;  2.4;  0.0; 12.5;  0.0;  0.0;176.5; 49.0;  0.2;  8.0;  1.2;  0.0;  2.0;  2.5;  0.0;  0.0;  7.5;  0.0; 29.2; 10.0; 19.7; 17.0;  7.7;  0.0;  0.0;  0.0;  0.0;  0.0;  0.0;0.0;0.0;0.0;176.5;345.4
  04/1961;  0.0;  0.0;  0.0;  5.0;  1.5; 53.5;  3.0;  0.0;  0.0;  0.0;  0.0;  0.0;  3.7;  0.0;  0.0;  0.0;  0.0;  0.0;  0.0;  0.0;  4.3;  0.0;  0.0;  0.0;  0.0; 12.0; 14.0;  0.0;0.0;0.0;---;53.5;97.0
  05/1961;  0.0;  0.0;  0.0;  0.0; 58.0;  0.0;  0.0;  0.0;  2.8;  0.0;  0.0;  0.0;  0.0;  0.0;  0.0;  0.0;  0.0;  0.0;  0.0;  0.0;  0.0;  0.0;  0.0;  0.0;  0.0;  0.0;  0.0;  0.0;0.0;0.0;0.0;58.0;60.8
  06/1961;  0.0;  0.0;  0.0;  0.0;  0.0;  0.0;  0.0;  0.0;  0.0;  0.0;  0.0;  0.0;  0.0;  0.0;  0.0;  0.0;  0.0;  0.0;  0.0;  0.0;  0.0;  0.0;  0.0;  0.0;  0.0;  0.0;  0.0;  0.0;0.0;0.0;---;0.0;0.0
  07/1961;  0.0;  0.0;  0.0;  0.0;  0.0;  0.0;  0.0;  0.0;  0.0;  0.0;  0.0;  0.0;  0.0;  0.0;  0.0;  0.0;  0.0;  0.0;  0.0;  0.0;  0.0;  0.0;  0.0;  0.0;  0.0;  0.0;  0.0;  0.0;0.0;0.0;0.0;0.0;0.0
  08/1961;  0.0;  0.0;  0.0;  0.0;  0.0;  0.0;  0.0;  0.0;  0.0;  0.0;  0.0;  0.0;  0.0;  0.0;  0.0;  0.0;  0.0;  0.0;  0.0;  0.0;  0.0;  0.0;  0.0;  0.0;  0.0;  1.5;  3.0;  0.0;0.0;0.0;0.0;3.0;4.5
  09/1961;  0.0;  0.0;  0.0;  0.0;  0.0;  0.0;  0.0;  0.0;  0.0;  0.0;  0.0;  0.0;  0.0;  0.0;  0.0;  0.0;  0.0;  0.0;  0.0;  0.0;  0.0;  0.0;  0.0;  0.0;  0.0;  0.0;  0.0;  0.0;0.0;0.0;---;0.0;0.0
  10/1961;  0.0;  0.0; 10.5;  0.0;  0.0;  0.0;  0.0;  0.0;  0.0;  0.0;  0.0; 11.2;  2.7;  0.0; 14.2;  6.2; 15.2;  0.0;  5.3;  3.0;  0.0;  0.0;  0.0;  0.0;  0.0;  0.0; 11.3; 27.5;8.5;3.5;0.0;27.5;119.1
  11/1961;  0.0;  0.0;  4.0;  0.0;  0.0;  0.0; 19.0;  0.0;  0.0;  0.0;  0.0; 13.0;  6.5;  0.0; 10.9;  0.0;  3.8;  0.0;  0.0;  0.0;  0.0;  0.0;  0.0; 21.0; 20.5;  0.0;  0.0;  0.0;0.7;0.0;---;21.0;99.4
  12/1961;  0.0; 13.6;  0.0; 25.0;  0.0;  0.0;  6.5; 13.7;  0.0;  0.0;  0.0;  0.0; 73.0;  0.0;  0.0;  0.0;  0.7; 36.3;  0.0;  4.5;  0.0;  9.5;  0.0;  0.0;  0.0;  4.0; 16.5;  0.0;4.3;4.0;0.0;73.0;211.6
  01/1962;  0.0;  0.0;  0.0;  8.0;  0.0;  0.0;  0.0; 44.5; 14.0; 24.0; 11.6;  0.0;  0.0;  0.0;  0.0;  0.0; 20.0;  5.8;  0.0; 26.4; 13.2; 43.5; 20.0;  0.0;  0.0; 24.3;  0.0;  0.0;0.0;0.0;0.0;44.5;255.3
  02/1962;  0.0;  0.0;  0.0; 19.0; 28.2; 26.3;  5.0;  0.0; 12.0;  0.0; 22.0; 29.5;  0.0;  0.0;  0.0;  0.0;  0.0;  0.0;  0.0; 13.7;  0.0;  0.0;  3.8; 15.5;  0.0;  0.0;  0.0;  0.0;---;---;---;29.5;175.0
  03/1962;  0.0; 13.4; 13.0;  0.0;  4.0;  0.0;  0.0;  0.0; 61.0;  0.0; 13.2; 30.3; 11.0;  9.0; 42.3;  4.4;  2.9;  3.0;  6.7;  0.0;  6.5;  0.0;  0.0;  0.0;  0.0;  0.0;  0.0;  0.0;0.0;0.0;0.0;61.0;220.7
  04/1962;  8.0;  0.0;  0.0;  0.0;  0.0;  0.0;  0.0;  0.0;  0.0;  0.0;  0.0;  0.0;  0.0;  0.0;  0.0;  0.0;  0.0;  0.0;  0.0;  0.0;  0.0;  0.0;  0.0;  0.0;  0.0;  0.0;  0.0;  0.0;0.0;5.5;---;8.0;13.5
  05/1962;  0.0;  3.5;  3.7;  0.0;  0.0;  0.0;  0.0;  0.0;  0.0;  0.0;  0.0;  0.0;  0.0;  0.0;  0.0;  0.0;  0.0;  0.0;  0.0;  0.0;  0.0;  0.0;  0.0;  0.0;  0.0;  0.0;  0.0;  0.0;0.0;0.0;0.0;3.7;7.2
  06/1962;  0.0;  0.0;  8.0;  6.1;  0.0;  0.0; 18.5;  0.0; 13.0;  0.0;  0.0;  0.0;  0.0;  0.0;  0.0;  0.0;  0.0;  0.0;  0.0;  0.0;  0.0;  0.0;  0.0;  0.0;  0.0;  0.0;  0.0;  0.0;0.0;0.0;---;18.5;45.6
  07/1962;  0.0;  0.0;  0.0;  0.0;  0.0;  0.0;  0.0;  0.0;  0.0;  0.0;  0.0;  0.0;  0.0;  0.0;  0.0;  0.0;  0.2;  0.0;  0.0;  0.0;  0.0;  0.0;  0.0;  0.0;  0.0;  0.0;  0.0;  0.0;0.0;0.0;0.0;0.2;0.2
  08/1962;  0.0;  0.0;  0.0;  0.0;  0.0;  0.0;  0.0;  0.0;  0.0;  0.0;  0.0;  0.0;  1.1;  0.0;  0.0;  1.3;  0.0;  0.0;  0.0;  0.0;  0.0;  0.0;  4.8;  2.8;  0.0;  0.0;  0.0;  0.0;0.0;0.0;0.0;4.8;10.0
  09/1962;  0.0;  0.0;  0.0;  0.0;  0.0;  0.0; 12.2;  0.0;  0.0;  4.8;  0.0;  0.0;  0.0;  0.0;  0.0;  0.0;  0.0;  0.0;  0.0;  0.0;  0.0;  0.0; 31.0;  0.0;  0.0;  0.0;  0.0;  0.0;3.5;27.5;---;31.0;79.0
  10/1962;  0.0; 13.0; 32.5; 19.8;  0.8;  0.0;  0.0;  2.5;  0.0; 10.2; 35.0;  0.0;  0.0;  0.0;  0.0;  0.0;  7.3; 48.6;  0.0;  0.0;  0.0;  0.0;  0.0; 19.8;  4.4;  0.0;  0.0;  0.0;30.0;22.7;0.0;48.6;246.6
  11/1962;  0.0;  0.0;  0.0;  0.0;  0.0;  0.0;  4.4;  8.2;  0.0;  0.0;  0.0;  0.0;  0.0;  0.0;  0.0;  0.0;  0.0;  0.0; 36.0; 10.2;  0.0;  0.0;  0.0;  0.0;  0.0;  0.0;  0.0;  0.0;0.0;0.0;---;36.0;58.8
  12/1962; 13.0; 16.0; 15.9; 12.0; 32.2; 14.3;  0.0;  0.0;  7.2;  0.0; 26.7;  0.0; 34.4;  0.0;  8.5; 37.8; 28.6;  0.0; 15.5; 29.4;  1.2;  0.0;  0.0;  0.0;  0.0;  8.6; 43.5; 24.1;5.8;42.0;54.6;54.6;471.3
  01/1963; 21.0; 25.0;  0.0;  0.0;  0.0;  0.0;  0.0; 17.0;  1.3;  1.0;  0.0;  0.0;  0.0;  0.0;  0.0; 42.4;  0.0; 12.3;  3.1;  0.0;  0.0;  0.0; 27.2;  0.0;  1.5;  8.6;  0.0;  6.3;0.0;21.2;0.0;42.4;187.9
  02/1963;  0.0;  0.0;  0.0;  0.0; 16.0; 63.0; 18.6;  0.0;  0.0;  0.0;  0.0;  0.0; 12.4;  5.7;  1.3; 15.0;  0.0;  0.0;  0.0; 35.7;  0.5;  1.0;  0.0;  4.3;  0.0;  0.0;  0.0;  0.0;---;---;---;63.0;173.5
  03/1963;  0.0;  0.0;  0.0; 13.0; 11.2;  0.0;  0.0;  0.0;  0.0;  0.0;  0.0;  0.0;  0.0;  5.6;  0.0;  0.0;  0.0;  0.0;  0.0;  0.0;  0.0;  0.0; 25.7;  3.2;  1.0;  1.8;  0.0;  0.0;0.0;0.0;0.0;25.7;61.5
  04/1963;  0.0;  0.0;  0.0;  0.0;  0.0;  0.0;  0.0;  0.0;  0.0;  0.0;  0.0;  0.0;  0.0;  0.0;  0.0;  8.7;  0.0;  0.0;  0.0;  0.0;  0.0;  0.0;  0.0;  0.0;  0.0;  0.0;  0.0;  0.0;0.0;0.0;---;8.7;8.7
  05/1963;  0.0;  0.0;  0.0;  0.0;  0.0;  0.0;  0.0;  0.0;  0.0;  0.0;  0.0;  0.0;  0.0;  0.0;  0.0;  0.0;  0.0;  4.3;  0.0;  0.0;  0.0;  0.0;  0.0;  0.0;  0.0;  0.0;  0.0;  0.0;0.0;0.0;0.0;4.3;4.3
  06/1963;  0.0;  0.0;  0.0;  0.0;  0.0;  0.0;  0.0;  0.0;  0.0;  0.0;  0.0;  0.0;  0.0;  0.0;  0.0;  0.0;  0.0;  0.0;  0.0;  0.0;  0.0;  0.0;  0.0;  0.0;  0.0;  0.0;  0.0;  0.0;0.0;0.0;---;0.0;0.0
  07/1963;  0.0;  0.0;  0.0;  0.0;  0.0;  0.0;  0.0;  0.0;  0.0;  0.0;  0.0;  0.0;  0.0;  0.0;  0.0;  0.0;  0.0;  0.0;  0.0;  0.0;  0.0;  0.0;  0.0;  0.0;  0.0;  0.0;  0.0;  0.0;0.0;0.0;0.0;0.0;0.0
  08/1963;  0.0;  0.0;  0.0;  0.0;  0.0;  0.0;  0.0;  0.0;  0.0;  0.0;  0.0;  0.0;  0.0;  0.0;  0.0;  0.0;  0.0;  0.0;  0.2;  0.0;  0.0;  0.0;  0.0;  0.0;  0.0;  0.0;  0.0;  0.0;0.0;0.0;0.0;0.2;0.2
  09/1963;  0.0;  0.0;  0.0;  0.0;  0.0;  0.0;  0.0;  0.0;  0.0;  0.0;  0.0;  0.0;  0.0;  0.0;  0.0;  0.0;  0.0;  0.0;  0.0;  0.0;  0.0;  1.0;  0.0;  0.0;  0.0;  0.0;  0.0;  0.0;0.0;0.0;---;1.0;1.0
  10/1963;  0.0;  0.0;  0.0;  0.0;  0.0;  0.0;  0.0;  0.0;  0.0;  0.0;  0.0;  0.0;  0.0;  0.0;  0.0;  0.0;  3.0;  7.0;  3.7;  2.0; 26.2;  0.0;  1.2; 11.5;  0.0;  0.0;  0.0;  0.0;6.5;0.0;0.0;26.2;61.1
  11/1963;  0.0;  7.1;  0.0;  0.0;  0.0; 37.0;  3.0;  0.0;  0.0;  0.0;  5.0;  0.0;  0.0;  2.5; 17.1;  2.8;  8.2; 15.0; 14.3;  0.0;  0.0;  0.0; 23.4;  0.0;  0.0;  0.0;  0.0;  4.4;0.0;0.0;---;37.0;139.8
  12/1963;  0.0;  0.0;  0.0;  5.2;  2.1;  3.2;  0.0;  0.0;  0.0;  0.0;  0.0;  2.7;  0.0;  6.8;  0.0;  0.0;  0.0;  0.0;  0.0; 11.8;  0.0;  0.0;  0.0;  0.0;  0.0;  0.0;  0.0;  0.0;1.0;0.0;0.8;11.8;33.6
  01/1964;  0.0; 29.4; 18.5;  0.0;  0.0;  0.0;  0.0;  1.5; 14.3; 26.3; 22.1;  0.0;  0.0;  0.0; 12.7;  0.0;  1.1;  0.0;  0.0; 24.5;  0.0;  0.0;  0.0; 32.6; 18.0;  0.0; 13.0;  9.3;23.3;16.7;0.0;32.6;263.3
  02/1964;  0.0;  0.0;  0.0;  0.0; 30.5; 15.3;  9.5; 11.0;  0.0; 21.0;  3.5;  2.5;  0.5; 13.2; 18.3; 10.2; 37.2; 14.8; 13.5; 24.0; 31.2;  0.3;  0.0;  0.0;  5.3;  8.5;  0.0;  0.0;0.0;---;---;37.2;270.3
  03/1964;  0.0; 11.3;  0.0;  0.0;  0.0; 25.5;  0.0; 19.2;  0.0;  0.0;  0.0;  0.0;  0.0;  0.0;  0.0;  8.0;  0.0;  0.0;  0.0;  7.8;  0.0;  0.0;  0.0;  0.0;  0.0;  0.0;  8.0;  0.0;3.6;0.0;21.0;25.5;104.4
  04/1964;  0.0;  5.2; 56.0;  8.5;  0.0;  0.0;  0.0;  0.0;  0.0;  0.0;  0.0;  0.0;  0.0;  0.0;  0.0;  0.0;  0.0; 32.7;  0.0;  0.0;  0.0;  0.0;  0.0;  0.0;  0.0;  0.0;  0.0;  0.0;13.5;0.0;---;56.0;115.9
  05/1964; 16.0;  7.0;  0.0;  0.0;  0.0; 50.0;  0.0;  0.0;  0.0;  0.0;  0.0;  0.0;  0.0; 11.5;  0.0;  0.0;  0.0;  0.0;  0.0;  0.0; 10.5;  0.0;  0.0;  0.0;  0.0;  0.0;  0.0;  0.0;0.0;0.0;0.0;50.0;95.0
  06/1964;  0.0;  0.0;  0.0;  0.0;  0.0;  0.0;  0.0;  0.0;  0.0;  0.0;  0.0;  0.0;  0.0;  0.0;  0.0;  0.0;  0.0;  0.0;  0.0;  0.0;  0.0;  0.0;  0.0;  0.0;  0.0;  0.7;  0.0;  0.0;0.0;0.0;---;0.7;0.7
  07/1964;  0.0;  4.5;  3.0; 10.5;  0.0;  0.0;  0.0;  0.0;  0.0;  0.0;  0.0;  0.0;  0.0;  0.0;  0.0;  0.0;  3.2;  0.0;  0.0;  0.0;  0.0;  0.0;  0.0;  0.0;  0.0;  8.5;  0.0;  0.0;0.0;0.0;0.0;10.5;29.7
  08/1964;  0.0;  0.0;  0.0;  0.0;  0.0;  0.0;  0.0;  0.0;  0.0;  0.0;  0.0;  0.0;  0.0;  0.0;  0.0;  0.0;  0.0;  0.0;  0.0;  0.0;  0.0;  0.0;  0.0;  0.0;  0.0;  0.0;  0.0;  0.0;0.0;0.0;0.0;0.0;0.0
  09/1964;  0.0;  0.0;  0.0;  0.0;  0.0;  0.0;  0.0;  0.0;  0.0;  0.0;  0.0;  0.0;  0.0;  0.0;  0.0;  0.0;  0.0;  0.0;  0.0;  0.0;  0.0;  0.0;  0.0;  2.5; 22.0;  0.0;  0.0; 15.2;21.0;0.0;---;22.0;60.7
  10/1964; 32.0;  9.7;  5.1; 49.0;  0.0;  0.0; 14.2;  1.8;  0.0;  0.0;  0.0;  0.0;  0.0;  0.0;  0.0;  0.0;  0.0;  0.0;  0.0;  8.6;  2.5;  2.0;  0.0;  0.0;  0.0; 13.3; 23.5;  0.0;0.0;0.0;4.8;49.0;166.5
  11/1964;  0.0;  0.0;  0.0;  0.0;  0.0; 14.5;  0.0;  0.0;  0.0;  0.0;  0.0;  0.0;  0.0;  0.0;  9.8;  9.5;  0.0;  0.0; 14.0;  0.0; 13.5;  0.0;  0.0;  0.0;  0.0;  0.0;  0.0;  0.0;0.0;0.0;---;14.5;61.3
  12/1964; 66.7; 13.8; 34.2; 36.5;  0.0;  0.0;  0.0;  0.0;  0.0;  0.0; 19.0;  0.0; 50.0; 57.5;  0.0;  0.0;  4.5;  4.0; 12.1;  0.0;  0.5; 12.1;  0.0;  8.5;  0.0; 12.5;  0.0;  0.0;11.3;7.7;0.0;66.7;350.9
  01/1965;  0.0;  0.0;  0.0; 48.0;  0.0; 30.0;  3.7;  0.0;  4.2;  0.0; 94.0;  0.0;  0.0;  0.0; 49.2;  0.0;  0.0; 35.2;  0.0; 16.2;  4.7;  0.0; 10.7;  0.0;  0.0;  0.0;  0.0; 60.7;29.8;8.1;6.0;94.0;400.5
  02/1965;  8.9;  0.0;  0.0;  0.0; 21.0; 30.5;  0.5;  0.0;  0.0;  0.0;  0.0; 12.1;  0.0;  0.0; 32.4;  0.0;  0.0;  0.0;  0.0;  7.5;  8.0; 28.6;  2.5;  0.0;  0.7;  0.0;  3.5; 10.3;---;---;---;32.4;166.5
  03/1965;  0.0;  0.0;  0.0;  0.0;  0.0; 36.0;  0.0;  0.4; 19.0; 25.0;  0.0;  0.0;  0.0;  0.0;  7.0; 35.0;  6.0; 38.0;  0.0;  5.2;  0.0;  0.0;  4.0;  2.0; 10.5;  4.0;  0.0;  0.0;0.0;0.0;0.0;38.0;192.1
  04/1965;  0.0;  0.0; 10.0;  0.0;  0.0;  1.5;  0.0;  0.0;  0.0; 30.0;  0.0; 11.5;  0.0;  0.0;  0.0;  0.0;  0.0;  0.0;  0.2;  0.0;  0.0; 14.2;  0.0;  0.0;  0.0;  0.0;  0.0;  0.0;0.3;8.4;---;30.0;76.1
  05/1965;  0.0;  0.0;  0.0;  0.0;  0.0;  0.0;  0.0;  0.0;  0.0;  0.0;  0.0;  0.0;  3.0;  0.0;  0.0;  8.0;  0.0;  7.0;  0.0;  0.0;  0.0;  0.0;  0.0;  0.0;  0.0;  0.0;  0.0;  0.0;0.0;0.0;0.0;8.0;18.0
  06/1965;  0.0;  0.0;  0.0;  0.0;  0.0;  0.0;  0.0;  0.0;  0.0;  0.0;  0.0;  0.0;  0.0;  0.0;  0.0;  5.0;  0.0;  1.0;  0.0;  0.0;  0.0;  0.0;  0.0;  4.5;  2.3;  0.0; 21.0;  0.0;0.0;0.0;---;21.0;33.8
  07/1965;  0.0;  0.0;  0.0;  0.0; 37.2;  0.0;  4.3;  2.2;  0.0;  0.0;  0.0;  4.5;  0.0;  0.0;  0.0;  0.0;  0.0;  0.0;  0.0;  0.0;  0.0;  0.0;  0.0;  0.0;  0.0;  0.0;  0.0;  0.0;0.0;0.0;0.0;37.2;48.2
  08/1965;  4.5;  0.0;  0.0;  0.0;  0.0; 21.2;  0.0;  0.0;  0.0;  0.0;  0.0;  0.0;  0.0;  0.0;  0.0;  0.0;  0.0;  0.0;  0.0;  0.0;  0.0;  0.0;  0.0;  0.0;  0.0;  0.0;  0.0;  0.0;0.0;0.0;0.0;21.2;25.7
  09/1965;  0.0;  0.0;  0.0;  0.0;  0.0;  0.0;  0.0;  0.0;  0.0;  0.0;  0.0;  0.0;  0.0;  0.0;  0.0;  0.0;  0.0;  0.0;  0.0;  0.0;  0.0;  0.0;  0.0;  0.0;  0.0;  0.0; 34.5; 36.2;4.1;7.5;---;36.2;82.3
  10/1965;  0.0; 63.5;  0.0;  0.0;  0.0;  0.0;  0.0;  0.0;  5.5;  0.0; 10.5;  0.0;  0.0;  0.0;  6.2;  0.0;  0.0;  0.0;  8.5;  0.0;  0.0;  0.0; 16.1;  0.0;  0.0;  8.5;  0.0;  0.0;0.0;4.5;0.0;63.5;123.3
  11/1965;  0.0;  0.0;  0.0;  0.0;  0.0;  0.0; 15.5;  7.3;  0.0; 28.5;  0.0;  0.0;  0.0;  0.0; 53.3;  0.0;  0.0;  0.0;  0.0;  0.0;  0.0; 18.5;  0.0;  0.0;  0.0;  1.0;  0.0;  0.0;86.2;0.0;---;86.2;210.3
  12/1965;  0.0;  0.0; 26.5;  0.0;  0.0; 22.5;  0.0; 37.5; 37.0;  6.1; 41.2;  0.0;  3.2;  0.0;  0.0;  0.0;  0.0;  0.0;  0.0;  0.0;  0.0;  0.0;  7.2;  0.0;  0.0;  0.0; 15.3;  0.0;2.5;33.5;18.2;41.2;250.7
  01/1966;  0.0;  0.0; 10.2; 16.5; 13.5;  0.0;  0.0;  0.0; 31.5; 31.7; 18.0;  0.0;  5.1;  6.2;  0.0;  0.0;  0.0;  0.0;  0.0;  0.0;  0.0;  0.0;  0.0;  0.0;  3.0;  7.1;  0.0; 16.0;55.0;0.0;39.2;55.0;253.0
  02/1966;  2.0; 30.1;  0.0;  0.0;  0.0; 16.5;  0.0;  0.0;  0.0;  0.0; 10.0;  6.5;  0.0; 12.2;  0.0;  0.0;  0.0;  0.0;  0.0;  0.0;  0.0; 11.5;  6.5;  0.0; 11.3;  0.0;  0.0; 13.8;---;---;---;30.1;120.4
  03/1966;  0.0; 12.3;  0.0;  9.2;  4.1; 18.0; 68.0; 62.0; 16.2;  0.0;  0.0;  0.0;  0.0;  0.0;  0.0;  0.0;  0.0;  0.0;  0.0;  0.0;  0.0; 21.2;  0.0;  0.0;  0.0; 20.5;  9.8; 34.2;8.5;0.0;2.5;68.0;286.5
  04/1966;  0.0;  0.0; 28.5;  0.0;  0.0;  9.5; 26.1;  0.0;  0.0;  0.0;  0.0;  0.0;  0.0;  0.0;  0.0;  0.0;  0.0;  0.0;  0.0;  0.0;  0.0;  0.0;  0.0;  0.0;  0.0; 10.5;  7.2;  0.0;0.0;0.0;---;28.5;81.8
  05/1966;  0.0;  0.0;  4.0;  0.0;  0.0; 21.5;  0.0;  0.0;  0.0;  4.5;  0.0; 11.5;  0.0;  0.0;  0.0;  0.0;  0.0;  0.0;  0.0;  0.0;  0.0;  0.0; 22.1;  0.0;  0.0;  0.0;  0.0;  0.0;0.0;63.6;0.0;63.6;127.2
  06/1966;  0.0;  0.0;  0.0;  0.0;  0.0;  0.0;  0.0;  0.0;  0.0;  0.0;  0.0;  0.0;  0.0;  0.0;  0.0;  0.0;  0.0;  0.0;  0.0;  0.0;  0.0;  0.0;  0.0;  0.0;  0.0;  0.0;  0.0;  0.0;0.0;0.0;---;0.0;0.0
  07/1966;  0.0;  0.0;  0.0;  0.0;  0.0;  0.0;  0.0;  0.0;  0.0;  0.0;  0.0;  0.0;  0.0;  0.0;  0.0;  0.0;  0.0;  0.0;  0.0;  0.0;  0.0;  0.0;  0.0;  0.0;  0.0;  0.0;  0.0;  0.0;0.0;0.0;0.0;0.0;0.0
  08/1966;  5.5;  0.0;  0.0;  0.0;  0.0;  0.0;  0.0;  0.0;  0.0;  0.0;  0.0;  0.0;  0.0;  0.0;  0.0;  0.0;  0.0;  0.0;  0.0;  0.0;  0.0;  0.0;  0.0;  0.0;  0.0;  0.0;  0.0;  0.0;0.0;0.0;0.0;5.5;5.5
  09/1966;  0.0;  0.0;  0.0;  0.0;  0.0;  0.0;  0.0;  0.0;  0.0;  0.0;  0.0;  0.0;  0.0;  0.0;  0.0;  0.0;  0.0;  0.0;  0.0;  0.0;  7.0;  0.0;  0.0;  0.0;  0.0;  0.0;  0.0;  0.0;14.0;10.3;---;14.0;31.3
  10/1966;  0.0;  0.0;  0.0;  0.0;  0.0;  0.0;  0.0;  8.5;  5.8;  0.0;  0.0;  7.5;  2.5;  0.0;  0.0;  0.0;  0.0;  0.0;  0.0;  0.0;  0.0;  0.0; 20.1;  0.0;  0.0;  0.0;  0.0; 11.5;2.5;11.5;44.5;44.5;114.4
  11/1966; 16.5;  0.0;  0.0;  4.0;  0.0;  0.0;  8.0;  0.0;  0.0;  8.0;  0.0;  0.0;  0.0; 46.1;  7.5; 19.2;  9.0;  0.0;  0.0;  0.0;  0.0; 12.5;  0.0;  0.0;  0.0;  0.0;  0.0;  0.0;0.0;0.0;---;46.1;130.8
  12/1966;  0.0;  0.0; 14.5;  0.0;  0.0;  9.1;  0.0;  0.0; 31.5;  0.0;  0.0;  0.0; 60.0;  0.0;  0.0; 66.0;  0.0; 28.0;  8.2;  0.0; 28.1; 26.0; 34.5; 16.2;  0.0;  0.0; 20.2; 33.2;0.0;0.0;0.0;66.0;375.5
  01/1967;  0.0;  0.0;  3.7;  0.0;  0.0; 12.0;  0.0;  0.0;  0.0; 39.2;  0.0;  0.0; 48.3; 54.2;  0.0; 40.2;  0.0; 10.2; 40.2;  6.5;  0.0; 29.5; 13.2;  0.0;  0.0;  5.5;  2.1;  0.0;17.4;0.0;0.0;54.2;322.2
  02/1967;  0.0; 33.2; 19.5;  2.5;  0.0; 29.2;  2.5;  7.1;  0.0;  3.1;  4.5;  0.0;  0.0;  0.0;  0.0;  0.0;  0.0;  0.0; 41.0; 24.0; 14.2; 13.1;  3.2;  4.3;  0.0; 31.2;  0.0;  0.0;---;---;---;41.0;232.6
  03/1967; 19.3; 13.0;  0.0;  0.0;  0.0;  0.0;  0.0;  0.0;  0.0; 20.0;  0.0;  0.0; 12.1;  0.0;  0.0;  0.0;  0.0;  0.0;  0.0; 17.5;  0.0;  0.0;  0.0; 11.5;  0.0;  0.0; 30.0; 35.0;3.0;0.0;0.0;35.0;161.4
  04/1967; 10.4;  0.0;  4.0;  0.0;  0.0;  0.0;  0.0;  0.0;  0.0;  0.0;  0.0;  8.5;  0.0;  0.0;  0.0;  0.0;  0.0;  0.0;  0.0;  0.0;  0.0;  0.0;  0.0;  0.0;  0.0;  0.0; 12.2; 36.7;0.0;0.0;---;36.7;71.8
  05/1967;  0.0;  0.0;  0.0;  0.0;  0.0;  0.0;  0.0;  0.0;  0.0;  0.0;  0.0;  0.0;  0.0;  0.0;  0.0;  0.0;  0.0;  0.0;  0.0;  0.0;  0.0;  0.0;  0.0;  0.0;  0.0;  0.0;  0.0;  0.0;0.0;0.0;0.0;0.0;0.0
  06/1967;  0.0;  0.0;  0.0;  0.0;  5.1;  0.0;  0.0; 25.7;  0.0;  0.0;  0.0;  0.0; 11.2;  5.1;  0.0;  0.0;  0.0;  0.0;  0.0;  0.0;  0.0;  0.0;  0.0;  0.0;  0.0;  0.0;  0.0;  0.0;0.0;0.0;---;25.7;47.1
  07/1967;  0.0;  0.0;  0.0;  0.0;  0.0;  0.0;  0.0;  0.0;  0.0;  0.0;  0.0;  0.0;  0.0;  0.0;  0.0;  0.0;  0.0;  0.0;  0.0;  0.0;  0.0;  0.0;  0.0;  0.0;  0.0;  0.0;  0.0;  0.0;0.0;0.0;0.0;0.0;0.0
  08/1967;  0.0;  0.0;  0.0;  0.0;  0.0;  0.0;  0.0;  0.0;  0.0;  0.0;  0.0;  0.0;  0.0;  0.0;  0.0;  0.0;  0.0;  0.0;  0.0;  0.0;  0.0;  0.0;  0.0;  0.0;  0.0;  0.0;  0.0;  0.0;0.0;0.0;0.0;0.0;0.0
  09/1967;  0.0;  0.0;  0.0;  0.0;  0.0;  0.0;  0.0;  0.0;  0.0;  0.0;  0.0;  0.0; 18.5; 31.5;  0.0;  0.0;  0.0;  0.0;  0.0;  0.0;  0.0;  0.0;  0.0;  0.0;  0.0;  0.0;  0.0;  0.0;0.0;0.0;---;31.5;50.0
  10/1967; 12.3;  0.0;  0.0;  0.0;  0.0;  0.0;  0.0;  0.0;  0.0;  0.0;  7.0;  0.0;  0.0;  0.0;  0.0;  0.0;  9.1;  0.0;  0.0; 44.2;  9.0;  0.0;  0.0; 38.2; 27.5; 21.3; 19.2; 39.1;0.0;0.0;0.0;44.2;226.9
  11/1967;  0.0;  4.0;  2.1; 17.3;  0.0;  0.0;  0.0;  0.0;  0.0;  0.0;  4.0;  3.0; 17.0;  0.0;  0.0;  0.0; 17.8;  0.0;  0.0;  0.0;  0.0; 10.8; 31.5; 24.2;  0.0;  8.6; 30.0;  2.6;0.0;0.0;---;31.5;172.9
  12/1967;  0.0;  0.0;  0.0;  2.5; 26.1;  0.0;  0.0;  0.0; 17.3;  0.0; 20.1;  0.0;  0.0;  0.0; 20.6;  6.5;  0.0; 31.1; 13.2;  0.0; 20.5;  6.5; 15.1;  5.2;  6.4;  0.0; 26.5;  6.7;9.5;14.3;0.0;31.1;248.1
  01/1968;  0.0; 15.3;  0.0;  0.0;  0.0;  0.0;  0.0;  0.0;  0.0;  0.0; 25.2; 18.5; 10.3;  0.0; 31.5;  3.1;  5.2; 11.5;  9.8;  0.0;  0.0;  0.0; 17.2;  0.0;  0.0;  0.0;  0.0;  0.0;0.0;0.7;0.0;31.5;148.3
  02/1968; 60.6;  1.0;  0.0;  0.0;  3.2;  0.0;  0.0;  0.0;  0.0;  0.0;  0.0;  4.2; 25.1; 26.5;  0.0;  3.5;  9.2;  0.0;  0.0;  0.0;  0.0;  0.0;  0.0; 31.5;  0.0;  0.0;  0.0;  2.5;0.0;---;---;60.6;167.3
  03/1968;  0.0;  0.0;  0.0; 10.5;  0.0;  0.0;  0.0; 15.5;  0.0;  6.0;  0.0; 10.2;  1.5; 17.2; 39.1; 37.2;  0.0;  0.5;  0.0;  0.0;  0.0;  0.0;  0.0;  0.0;  0.0;  0.0;  0.0;  0.0;0.0;0.0;0.0;39.1;137.7
  04/1968;  2.0;  0.0;  0.0;  0.0;  0.0;  0.0;  0.0;  0.0;  0.0;  0.0;  0.0;  0.0;  0.0;  0.0;  0.0;  0.0;  0.0;  0.0;  0.0; 48.1;  0.0;  9.7;  0.0;  0.0;  0.0;  0.0;  0.0;  0.0;0.0;0.0;---;48.1;59.8
  05/1968;  0.0;  0.0;  0.0;  0.0;  0.0;  0.0;  0.0;  0.0;  0.0;  0.0;  0.0;  0.0;  0.0;  0.0;  0.0;  5.3;  0.0;  0.0;  0.0;  0.0;  0.0;  0.0;  0.0;  0.0;  0.0;  0.0;  0.0;  0.0;0.0;0.0;0.0;5.3;5.3
  06/1968;  0.0;  0.0;  0.0;  0.0;  0.0;  0.0;  0.0;  0.0;  0.0;  0.0;  0.0;  0.0;  0.0;  0.0;  0.0;  0.0;  0.0;  0.0;  0.0;  0.0;  0.0;  0.0;  0.0;  0.0;  0.0;  0.0;  0.0;  0.0;0.0;0.0;---;0.0;0.0
  07/1968;  0.0;  0.0;  0.0;  0.0;  0.0;  0.0;  0.0;  0.0;  3.0;  0.0;  0.0;  0.0;  0.0;  0.0;  0.0;  0.0;  0.0;  0.0;  0.0;  0.0;  0.0;  6.0;  0.0;  0.0;  0.0;  0.0;  0.0;  0.0;0.0;0.0;0.0;6.0;9.0
  08/1968;  0.0;  0.0;  0.0;  0.0;  0.0;  0.0;  0.0;  0.0; 23.1; 15.2;  0.0;  0.0;  0.0;  0.0;  0.0;  0.0;  0.0;  0.0;  0.0;  0.0;  0.0;  0.0;  0.0;  0.0;  0.0;  0.0;  0.0;  0.0;0.0;0.0;11.2;23.1;49.5
  09/1968;  0.0;  0.0;  0.0; 10.5;  0.0;  0.0;  0.0;  0.0;  0.0;  0.0;  0.0;  0.0;  0.0;  0.0;  0.0;  0.0;  0.0;  0.0;  0.0;  0.0;  7.1;  0.0;  0.0;  0.0;  0.0;  0.0;  0.0;  0.0;0.0;0.3;---;10.5;17.9
  10/1968;  0.0;  0.0;  0.0;  0.0;  0.0;  0.0;  0.0;  0.0;  0.0;  0.0;  0.0;  0.0;  0.0;  0.0;  0.0; 13.8; 48.2;  7.8; 13.0;  0.0;  0.0;  2.2; 13.1;  0.0;  0.0;  0.0;  0.0; 15.3;3.1;6.1;0.0;48.2;122.6
  11/1968;  0.0;  0.0;  0.0;  0.0;  0.0;  0.0;  0.0;  0.0;  0.0;  0.0; 15.0;  0.0;  0.0;  0.0;  0.0;  0.0;  0.0; 32.0;  5.2;  2.0;  0.0;  0.0;  0.0;  0.0;  6.4;  0.0; 14.2; 34.4;7.2;17.5;---;34.4;133.9
  12/1968;  0.0; 25.5; 34.5; 20.1;  0.0;  0.0;  8.1;  0.0;  0.0;  0.0;  0.0;  0.0;  0.0;  0.0;  0.0;  0.0; 53.2;  3.3;  0.0; 12.2;  3.1;  0.0;  0.0;  0.0;  0.0;  0.0;  3.1;  0.0;0.0;0.0;0.0;53.2;163.1
  01/1969;  0.0;  0.0; 34.0;  0.0;  0.0;  0.0;  0.0;  4.2;  0.0;  0.0;  0.0;  0.0;  2.0;  0.0;  0.0;  5.2; 20.0; 24.7;  0.0;  0.0;  0.0;  0.0; 21.5; 37.0;  0.0;  0.0;  0.0;  0.0;2.0;5.0;0.0;37.0;155.6
  02/1969;  0.0;  0.0; 22.2;  0.0;  0.0;  0.0;  5.6;  0.0; 36.0;  0.8;  0.0;  0.0;  0.0;  0.0;  0.0;  8.0;  5.0;  5.5;  0.0;  7.9;  1.0;  0.0;  0.0;  0.0;  0.0;  5.0;  0.0;  0.0;---;---;---;36.0;97.0
  03/1969; 22.0;  0.0;  0.0;  0.0; 26.3; 31.6;  0.0;  0.0;  0.0;  0.0;  0.0;  0.0;  0.0;  0.0; 17.2;  0.0;  0.0;  0.0;  0.0;  0.0;  0.0;  0.0;  6.5;  0.0;  0.0;  0.0;  0.0;  0.0;0.0;1.5;5.0;31.6;110.1
  04/1969;  0.0;  0.0;  0.0;  0.0;  6.5; 31.4;  0.0;  2.0;  0.0;  0.0;  0.0;  0.0;  0.0; 31.0;  0.0;  0.0;  0.0;  0.0;  0.0;  0.0;  0.0;  0.0;  0.0;  0.0;  0.0;  0.0;  0.0;  0.5;0.0;0.0;---;31.4;71.4
  05/1969;  0.0;  0.0;  0.0;  0.0;  0.0;  0.0;  0.0;  0.0;  0.0;  0.0;  0.0;  0.0;  0.0;  0.0;  0.0;  0.0;  0.0;  0.0;  0.0;  0.0;  0.0;  0.0;  0.0;  0.0;  0.0;  0.0;  0.0;  0.0;0.0;11.0;0.0;11.0;11.0
  06/1969;  0.0;  0.0; 37.7;  2.7;  0.0;  0.0;  0.0;  0.0;  0.0;  0.0;  0.0;  0.0;  0.0;  0.0;  0.0;  0.0;  0.0;  0.0;  0.0;  0.0;  0.0;  0.0;  0.0;  0.0;  0.0;  0.0;  0.0;  0.0;0.0;0.0;---;37.7;40.4
  07/1969;  0.0;  0.0;  0.0;  0.0;  0.0;  0.0;  0.0;  0.0;  0.0;  0.0;  0.0;  0.0;  0.0;  0.0;  0.0;  0.0;  0.0;  0.0;  0.0;  0.0;  0.0;  0.0;  0.0;  0.0;  0.0;  0.0;  0.0;  0.0;0.0;0.0;0.0;0.0;0.0
  08/1969;  0.0;  0.0;  0.0;  0.0;  0.0;  0.0;  2.0;  0.0;  0.0;  0.0;  0.0;  0.0;  0.0;  0.0;  0.0;  0.0;  0.0;  0.0;  0.0;  0.0;  0.0;  0.0;  0.0;  0.0;  0.0;  0.0;  0.0;  0.0;0.0;0.0;0.0;2.0;2.0
  09/1969;  0.0;  0.0;  0.0;  0.0;  0.0;  0.0;  0.0;  0.0;  0.0;  0.0;  0.0;  0.0;  0.0;  0.0;  0.0;  0.0;  0.0;  0.0;  0.0; 15.2;  0.0;  0.0;  0.0;  0.0;  0.0;  0.0;  0.0;  0.0;0.0;4.7;---;15.2;19.9
  10/1969; 22.0;  0.0;  2.5; 10.5;  6.2;  0.0;  0.0;  0.0;  0.0; 15.8; 15.7;  0.0;  0.0;  0.0;  0.0;  0.0;  0.0;  0.0;  6.4; 20.0;  0.0;  0.0; 17.0;  1.6;  0.0;  0.0;  0.0; 26.4;0.0;0.0;28.4;28.4;172.5
  11/1969;  0.0;  0.0;  0.0;  0.0;  0.0; 21.5;  0.0;  0.0;  0.0; 41.5; 10.3; 11.4; 35.0;  0.6;  0.0;  5.0;  0.0; 18.0;  2.5;  9.4;  0.0;  0.0;  0.0;  0.0;  0.0;  0.0;  0.0;  0.0;1.5;24.8;---;41.5;181.5
  12/1969;  0.0;  0.0;  0.0;  0.0;  0.0;  0.0;  0.0;  0.0; 13.2;  0.0; 32.6; 13.7; 29.2;  0.4;  0.0;  0.0;  0.0;  0.0;  0.0;  0.0;  0.0; 36.7;  0.0;  7.0;  0.0;  0.0;  0.0;  0.0;0.0;35.0;19.4;36.7;187.2
  01/1970;  3.4;  0.0;  0.0; 17.8;  0.0;  0.0;  0.0;  0.0; 18.2;  0.0;  0.0;  0.0;  0.0;  0.0; 47.8; 39.4; 18.6; 32.8;  4.7;  0.0;  0.0;  0.0;  0.0;  0.0;  0.0;  0.0;  0.0;  2.7;13.4;30.6;0.0;47.8;229.4
  02/1970;  0.0;  0.0;  0.0; 18.2; 11.8;  4.9;  7.8;  8.2; 10.7;  4.6; 19.4; 31.0; 27.8;  0.0;  3.4; 53.6;  9.4; 44.7;  0.0; 32.4; 20.6; 53.2;  4.7; 30.5;  0.0;  0.0;  0.0;  0.0;---;---;---;53.6;396.9
  03/1970;  0.0;  7.2;  0.0;  0.0;  6.9;  0.0;  0.0;  0.0;  0.0;  0.0;  9.4;  0.0;  0.0; 28.7;  0.0;  4.3; 12.4;  6.6;  0.0;  0.0;  0.0;  0.0;  0.0;  0.0;  0.0;  0.0;  0.0;  6.3;0.0;0.0;13.5;28.7;95.3
  04/1970;  0.0;  0.0;  4.4;  0.0;  0.0; 17.4;  0.0;  0.0;  0.0;  0.0;  0.0;  0.0;  0.0;  0.0;  0.0;  0.0;  0.0;  0.0;  0.0;  8.1;  0.0;  0.0;  0.0;  0.0;  0.0;  0.0;  0.0;  0.0;11.7;3.6;---;17.4;45.2
  05/1970;  4.6;  0.0;  0.0;  0.0;  0.0;  0.0; 13.7; 10.6;  0.0;  0.0;  0.0;  0.0;  0.0;  0.0;  0.0;  0.0;  0.0;  0.0;  0.0;  4.7;  0.0;  4.4;  0.0;  0.0;  0.0;  0.0;  0.0;  0.0;0.0;0.0;0.0;13.7;38.0
  06/1970;  0.0;  0.0;  0.0;  0.0;  0.0;  0.0;  0.0;  0.0;  0.0;  0.0;  0.0;  0.0;  0.0;  0.0;  0.0;  0.0;  0.0;  0.0;  0.0;  0.0;  0.0;  0.0;  0.0; 17.6;  0.0;  0.0;  0.0;  0.0;0.0;0.0;---;17.6;17.6
  07/1970;  0.0;  0.0;  0.0;  0.0;  0.0;  0.0;  0.0;  0.0;  0.0;  4.7;  0.0; 16.4;  0.0;  0.0;  0.0;  0.0;  0.0;  0.0;  0.0;  0.0;  0.0;  0.0;  0.0;  0.0;  0.0;  0.0;  0.0;  0.0;0.0;0.0;0.0;16.4;21.1
  08/1970;  0.0;  0.0;  0.0;  0.0;  0.0;  0.0;  0.0;  0.0;  0.0;  0.0;  0.0;  0.0;  0.0;  0.0;  0.0;  0.0;  0.0;  0.0;  0.0;  0.0;  0.0;  0.0;  0.0;  0.0;  0.0;  0.0;  3.5;  0.0;0.3;17.8;0.0;17.8;21.6
  09/1970;  0.0;  0.0;  0.0;  0.0;  0.0;  9.0;  0.0;  0.0;  2.2;  0.0;  0.0;  0.0;  0.0;  0.0;  7.2;  0.0;  0.0;  0.0;  0.0;  0.0;  0.0;  0.0;  0.0;  0.0;  0.0;  4.8;  0.0; 25.8;0.0;0.0;---;25.8;49.0
  10/1970; 17.4; 27.6;  2.0;  0.4;  0.0;  0.0;  0.0;  0.0;  0.0;  0.0;  0.0; 16.4;  0.0;  0.0;  0.0;  0.0;  0.0;  0.0; 20.6;  0.0; 43.8;  3.7;  0.0;  2.2;  0.0;  0.0;  0.0;  1.4;9.6;0.0;0.0;43.8;145.1
  11/1970;  0.0; 22.4;  0.0;  0.0;  0.0;  0.0;  0.0; 42.6;  0.0;  0.0; 49.6;  0.0;  0.0;  0.0;  0.0;  0.0;  0.0;  0.0;  0.0;  0.0; 18.0;  0.0;  0.0;  0.0;  0.0;  0.0;  0.0; 13.9;0.0;0.0;---;49.6;146.5
  12/1970;  0.0;  0.0;  0.0;  0.0;  0.0;  0.0;  0.0;  0.0; 30.7;  0.0;  0.6;  0.0;  6.7;  0.0; 11.2; 13.4; 17.7;  0.0;  7.3; 17.6;  0.0;  0.0;  0.0;  0.0;  0.0;  0.0;  0.0;  0.0;0.0;9.4;0.0;30.7;114.6
  01/1971;  0.0;  0.0;  0.8; 19.8;  0.0;  0.6;  0.0;  0.0;  0.0;  0.0;  0.0;  0.0; 13.0; 25.6;  0.0;  0.0;  1.3;  4.8;  0.0;  4.6; 11.8;  0.0;  0.0;  0.0;  0.0;  0.0;  0.0;  3.1;4.2;0.0;2.3;25.6;91.9
  02/1971;  0.0;  0.0;  0.0;  0.0;  0.0; 63.4;  9.6;  8.4;  0.0; 19.8;  0.0;  0.0; 13.2;  0.0;  8.8;  0.0;  0.0;  0.0;  2.8;  0.0; 39.8;  0.0;  0.0;  0.0; 18.4;  3.4;  0.0; 23.5;---;---;---;63.4;211.1
  03/1971;  0.0;  0.0;  0.0;  0.0; 38.4; 82.6;  0.0;  2.3;  4.4; 12.2; 39.6;  9.5;  0.0;  3.3;  0.0;  8.3;  0.0;  0.0; 16.9;  0.0;  7.5;  0.0;  6.8;  0.0; 32.4; 37.8;  2.4;  8.3;0.0;0.0;0.0;82.6;312.7
  04/1971;  0.0;  0.0;  0.0;  0.0;  0.0;  0.0;  0.0;  2.2;  0.0;  0.0;  0.0;  5.3;  0.0;  0.0;  0.0;  0.0;  0.0;  0.0;  0.0;  0.0;  0.0;  0.0;  0.0;  0.0;  0.0;  0.0;  0.0;  0.0;0.0;0.0;---;5.3;7.5
  05/1971;  0.0;  7.8;  2.2; 14.4;  0.0;  0.0;  0.0;  0.0;  0.0;  0.0;  0.0;  0.0;  0.0;  0.0;  0.0;  0.0;  0.0;  0.0;  0.0;  0.0;  0.0;  0.0;  0.0; 12.2;  0.0;  0.0;  0.0;  0.0;0.0;0.0;0.0;14.4;36.6
  06/1971;  0.0;  0.0;  0.0;  0.0;  0.0;  0.0;  0.0;  0.0;  0.0;  0.0; 13.4; 16.8;  5.4;  0.0; 14.6;  0.0;  2.2; 17.5;  0.0;  0.0;  0.0;  0.0;  0.0;  0.0;  0.0;  0.0;  0.0;  0.0;0.0;0.0;---;17.5;69.9
  07/1971;  0.0;  0.0;  0.0;  2.8;  0.0;  0.0;  0.0;  0.0;  0.0;  0.0;  0.0;  0.0;  0.0;  0.0;  0.0;  0.0;  0.0;  0.0;  0.0;  0.0;  0.0;  0.0;  0.0;  0.0;  0.0;  0.0;  0.0;  0.0;25.7;4.6;0.0;25.7;33.1
  08/1971;  0.0;  0.0;  0.0;  0.0;  0.0;  0.0;  0.0;  0.0;  0.0;  0.0;  0.0;  0.0;  0.0;  0.0;  0.0;  0.0;  0.0;  0.0;  0.0;  0.0;  0.0;  0.0;  0.0;  0.0;  0.0;  0.0;  0.0;  0.0;0.0;0.0;0.0;0.0;0.0
  09/1971;  0.0;  0.0;  0.0;  0.0;  0.0;  0.0;  0.0; 17.4;  0.0;  0.0; 33.0;  0.0;  0.0;---;---;---;---;---;---;---;---;---;---;---;---;---;---;---;---;---;---;---;---
